mechanical_rehab,motorsensory_rehab,neuropsychological_rehab,cardiorespiratory_rehab,nutritional_rehab,urogenitalsphincter_rehab,kidneys_rehab,electrical_equipment,collective-rehab,bilans,physiotherapy,balneotherapy
0,0,0,0,0,0,0,0,0,0,0,0
1,1,1,1,1,1,1,1,1,1,1,10
10,10,10,10,10,10,10,10,10,10,10,100
100,100,100,100,100,100,100,100,100,100,100,105
1000,105,1020,105,1000,105,1000,105,1000,1000,101,1080
1005,110,105,11,1005,120,1004,1080,1005,1010,105,110
1015,111,1080,110,101,140,1005,110,1010,102,1050,115
1020,115,110,115,1010,15,1006,115,1015,1020,110,12
1025,116,115,1185,1015,150,1007,120,1020,104,115,120
1030,12,120,12,1020,160,1010,125,1025,1045,120,123
1035,120,1200,120,1025,165,1015,1260,1030,105,122,125
104,125,125,1202,1030,180,1017,130,1035,1050,1230,13
1040,130,1260,121,1035,195,1020,135,1040,1060,125,130
1045,135,130,125,1040,20,1024,140,1045,11,130,135
105,140,1300,126,1045,200,1025,1440,105,110,135,140
1050,145,132,130,105,219,1026,145,1050,112,140,145
1055,15,133,135,1050,240,1030,15,1055,1130,145,15
106,150,135,14,1055,25,1035,150,1060,115,15,150
1060,1503,140,140,1060,270,1037,1500,1065,12,150,155
1065,155,145,145,1065,30,1038,155,1070,120,155,16
1070,158,1499,1499,1075,300,104,160,1075,1200,160,160
1075,16,15,15,1080,310,1040,165,108,1230,165,165
108,160,150,150,1085,35,1045,170,1080,125,170,170
1080,165,155,151,1090,355,1046,175,1085,127,175,175
1085,170,16,155,1095,360,1048,180,1086,1275,180,18
1090,175,160,160,11,390,105,185,1090,13,190,180
1095,1799,165,164,110,40,1050,190,1095,130,195,185
110,180,170,165,1100,45,1055,195,11,132,2,190
1100,185,175,1659,1105,450,1057,2,110,1320,20,195
1110,190,1760,17,1110,5,106,20,1100,135,200,20
1125,195,180,170,112,50,1060,200,1105,14,205,200
1135,2,185,175,1120,500,1065,205,1110,140,210,205
1140,20,186,180,1125,555,107,210,1115,145,215,21
1145,200,187,1800,1135,560,1070,215,1120,15,220,210
115,205,188,185,1140,60,1075,220,1125,150,225,215
1150,210,190,186,115,70,1078,225,1135,152,230,220
1155,215,195,190,1150,75,108,230,1140,1530,235,225
116,220,196,195,1155,80,1080,235,1145,1540,240,235
1160,225,2,2,1165,85,1084,240,115,155,25,24
1165,230,20,20,1170,90,1085,245,1150,1550,250,240
1170,231,200,200,1175,,109,25,1155,1570,255,245
1175,235,205,205,1180,,1090,250,116,16,260,25
118,24,2099,207,1185,,1097,255,1160,160,270,250
1185,240,210,2099,1190,,11,260,1165,1645,280,255
1190,245,215,210,1195,,110,265,1170,165,290,26
1195,25,220,215,12,,1100,270,1175,17,3,260
1199,250,225,220,120,,1105,275,118,170,30,270
12,255,230,225,1200,,111,280,1180,173,300,275
120,260,235,227,1205,,1110,285,1185,175,310,280
1200,265,24,230,1210,,1115,290,1190,18,320,285
122,270,240,235,1215,,112,299,1195,180,325,290
1220,275,242,236,1220,,1120,30,1199,185,340,30
1225,280,243,24,1225,,1125,300,12,19,35,300
123,285,245,240,1230,,1130,305,120,190,360,33
1245,290,25,245,1240,,1135,310,1200,195,375,330
125,295,250,25,1245,,1140,315,1205,2,4,35
1250,299,255,250,125,,1145,320,121,20,40,350
126,3,260,255,1255,,115,330,1210,200,400,36
1265,30,265,260,1260,,1150,335,1215,205,401,360
1275,300,270,265,127,,1155,345,1220,21,41,375
1290,305,275,270,1270,,116,35,1230,210,415,38
130,310,280,275,1275,,1160,350,1235,215,45,40
1300,315,285,280,1290,,1165,355,1240,22,450,45
131,320,290,285,1295,,1170,360,1245,220,5,450
132,325,295,290,13,,1175,365,125,225,50,48
1325,330,3,295,130,,1180,370,1250,23,500,480
133,335,30,299,1300,,1185,375,1255,230,510,5
1330,340,300,30,1305,,1190,380,126,235,52,50
135,345,303,300,1320,,1192,390,1260,24,55,52
1350,35,305,305,1335,,1195,40,1265,240,599,53
1355,350,306,306,1345,,1199,400,1270,243,60,540
1360,355,31,31,135,,12,405,1275,245,600,55
1365,36,310,310,1355,,120,410,128,25,62,6
1370,360,315,311,1375,,1200,420,1280,250,65,60
1375,365,320,315,1395,,1202,430,1285,255,70,600
14,370,325,320,14,,1205,435,1290,260,71,62
140,375,330,325,140,,1210,440,130,265,75,63
1400,380,335,330,1405,,1212,445,1300,270,8,65
1405,385,340,332,1410,,1215,45,1305,275,80,7
141,390,345,335,142,,1220,450,1310,28,82,70
1415,395,35,340,1420,,1221,460,1315,280,85,720
1425,4,350,345,1425,,1222,470,132,285,90,75
143,40,355,35,145,,1225,480,1320,290,95,8
1435,400,358,350,146,,1230,490,1325,295,990,80
1440,405,360,351,1460,,1231,495,1330,3,,85
1445,410,365,355,1465,,1232,5,1335,30,,90
145,415,370,36,1480,,1235,50,1340,300,,900
1450,420,375,360,15,,1240,510,135,305,,95
1460,425,38,365,150,,1241,520,1350,31,,
147,430,380,370,1500,,1242,530,1355,310,,
1475,435,385,375,1505,,1245,540,1360,315,,
148,440,390,380,153,,125,55,1365,320,,
149,445,395,385,155,,1250,550,1375,325,,
1490,45,4,390,1555,,1252,555,1380,33,,
1499,450,40,395,1570,,1253,560,1385,330,,
15,455,400,40,1575,,1255,565,1390,335,,
150,460,405,400,1580,,126,570,1395,340,,
1500,465,410,405,1585,,1260,590,14,345,,
1505,470,413,410,1590,,1261,60,140,35,,
1510,475,415,415,16,,1262,600,1400,350,,
152,48,420,420,160,,1263,615,1410,355,,
155,480,425,430,1600,,1265,620,1415,36,,
156,485,430,440,1605,,1270,630,142,360,,
1580,487,435,445,1645,,1272,65,1420,365,,
16,490,440,45,165,,1273,655,1425,37,,
160,495,445,450,17,,1274,660,1430,370,,
161,5,45,455,170,,1275,675,1435,375,,
162,50,450,460,172,,1280,690,1440,380,,
1620,500,455,470,1725,,1282,70,145,385,,
1635,505,46,475,1730,,1283,720,1450,39,,
165,510,460,48,175,,1285,75,1455,390,,
166,520,465,480,1750,,1290,750,1460,395,,
1680,525,470,490,1760,,1292,780,147,4,,
169,530,475,5,1770,,1293,790,1470,40,,
170,535,48,50,1780,,1294,80,1475,400,,
175,540,480,500,1785,,1295,800,1480,405,,
1775,545,485,505,1795,,13,825,1485,410,,
1799,55,490,510,18,,130,840,1499,415,,
180,550,495,515,180,,1300,85,15,42,,
182,555,5,520,1800,,1302,895,150,420,,
183,560,50,530,1805,,1303,90,1500,425,,
184,57,500,535,1810,,1305,900,1505,43,,
185,570,505,540,1825,,131,95,1510,430,,
186,575,510,545,185,,1310,960,1515,435,,
1875,580,515,55,1850,,1312,990,152,44,,
190,585,520,550,1855,,1313,,1530,440,,
191,590,525,555,1875,,1314,,1545,445,,
1935,599,530,599,1880,,1315,,155,45,,
195,6,540,60,190,,1320,,1560,450,,
196,60,55,600,1900,,1323,,1575,4545,,
1965,600,555,615,1925,,1324,,1590,455,,
2,61,560,625,1940,,1325,,160,46,,
20,610,565,630,195,,133,,1600,460,,
200,615,570,640,2,,1330,,1605,465,,
201,620,575,65,20,,1332,,1620,47,,
2025,630,580,66,200,,1333,,1630,470,,
205,640,585,685,2000,,1334,,1635,48,,
206,645,590,70,205,,1335,,165,480,,
2099,65,595,72,2060,,1340,,1650,485,,
21,650,6,735,2099,,1342,,1660,49,,
210,66,60,75,210,,1343,,1665,490,,
211,660,600,780,215,,1345,,167,495,,
215,665,605,8,22,,135,,1680,5,,
22,675,610,80,220,,1350,,1695,50,,
220,690,615,800,225,,1352,,170,500,,
221,70,620,845,230,,1353,,1700,505,,
225,700,625,85,235,,1355,,1710,51,,
226,710,630,9,24,,136,,173,510,,
23,72,65,90,240,,1362,,1740,515,,
230,720,660,95,245,,1363,,175,520,,
232,725,690,96,25,,1365,,1760,525,,
235,740,70,993,250,,1373,,177,530,,
24,75,700,,255,,1375,,1780,535,,
240,750,705,,26,,138,,1799,54,,
243,80,720,,260,,1380,,18,540,,
245,805,75,,265,,1383,,180,545,,
25,830,790,,27,,1385,,1800,55,,
250,85,8,,270,,1393,,182,550,,
251,855,80,,275,,1395,,1820,555,,
252,870,805,,28,,140,,183,56,,
255,90,81,,280,,1400,,185,560,,
256,910,85,,285,,1405,,1860,565,,
257,95,870,,29,,141,,1875,570,,
26,99,90,,290,,1410,,1890,575,,
260,,900,,295,,1415,,190,580,,
261,,95,,299,,1420,,1905,585,,
265,,96,,3,,1425,,1920,590,,
27,,,,30,,1430,,195,595,,
270,,,,300,,1435,,1950,6,,
275,,,,310,,144,,197,60,,
276,,,,315,,1440,,198,600,,
28,,,,32,,1445,,1980,61,,
280,,,,320,,145,,1985,610,,
285,,,,325,,1450,,1990,620,,
286,,,,33,,1455,,2,625,,
29,,,,330,,1460,,20,63,,
290,,,,34,,1465,,200,630,,
295,,,,340,,1470,,2040,64,,
299,,,,345,,1475,,205,65,,
3,,,,35,,148,,2070,650,,
30,,,,350,,1480,,2099,655,,
300,,,,355,,1485,,21,66,,
301,,,,36,,1490,,210,660,,
305,,,,360,,1495,,215,665,,
310,,,,362,,1499,,220,670,,
315,,,,365,,15,,222,68,,
316,,,,37,,150,,225,680,,
32,,,,375,,1500,,226,69,,
320,,,,38,,1505,,230,690,,
325,,,,380,,151,,235,695,,
33,,,,385,,1510,,240,7,,
330,,,,39,,1515,,242,70,,
333,,,,390,,1520,,245,700,,
335,,,,40,,1525,,25,710,,
340,,,,400,,1530,,250,72,,
344,,,,405,,1535,,255,720,,
345,,,,410,,154,,257,725,,
348,,,,415,,1540,,260,735,,
35,,,,42,,1545,,265,74,,
350,,,,420,,155,,266,740,,
355,,,,425,,1555,,269,75,,
36,,,,43,,156,,27,755,,
360,,,,435,,1560,,270,765,,
365,,,,44,,1570,,275,770,,
370,,,,440,,1575,,28,8,,
375,,,,445,,158,,280,80,,
380,,,,45,,1580,,285,800,,
385,,,,450,,1585,,288,805,,
390,,,,455,,1590,,290,81,,
395,,,,46,,1595,,294,810,,
4,,,,460,,16,,295,82,,
40,,,,465,,160,,299,820,,
400,,,,47,,1600,,3,83,,
401,,,,470,,1605,,30,830,,
405,,,,48,,161,,300,838,,
41,,,,480,,1610,,305,84,,
410,,,,49,,1615,,31,840,,
415,,,,490,,1620,,310,85,,
416,,,,495,,1625,,315,865,,
42,,,,5,,1630,,32,880,,
420,,,,50,,1635,,320,890,,
425,,,,500,,164,,325,9,,
430,,,,505,,1640,,33,90,,
435,,,,510,,1645,,330,900,,
437,,,,515,,165,,335,910,,
44,,,,52,,1650,,338,915,,
440,,,,520,,1655,,339,920,,
445,,,,525,,166,,34,93,,
45,,,,53,,1660,,340,930,,
450,,,,530,,1665,,341,945,,
454,,,,535,,1670,,345,95,,
455,,,,54,,1675,,35,96,,
460,,,,540,,1680,,350,960,,
465,,,,545,,1685,,351,975,,
470,,,,55,,1690,,355,980,,
475,,,,550,,1695,,36,99,,
476,,,,555,,17,,360,990,,
48,,,,56,,170,,365,,,
480,,,,560,,1700,,37,,,
485,,,,565,,1705,,370,,,
49,,,,57,,1710,,375,,,
490,,,,58,,1715,,38,,,
495,,,,580,,1720,,380,,,
5,,,,585,,1725,,385,,,
50,,,,59,,173,,390,,,
500,,,,595,,1730,,395,,,
501,,,,599,,1735,,399,,,
505,,,,60,,1740,,40,,,
51,,,,600,,1745,,400,,,
510,,,,605,,175,,405,,,
515,,,,61,,1750,,41,,,
520,,,,610,,1755,,410,,,
525,,,,615,,176,,415,,,
530,,,,62,,1760,,42,,,
535,,,,620,,1765,,420,,,
54,,,,625,,1775,,425,,,
540,,,,63,,178,,43,,,
545,,,,630,,1780,,430,,,
55,,,,635,,179,,435,,,
550,,,,64,,1790,,440,,,
551,,,,640,,1795,,445,,,
555,,,,645,,1799,,45,,,
560,,,,65,,18,,450,,,
565,,,,650,,180,,455,,,
570,,,,655,,1800,,46,,,
575,,,,660,,1805,,460,,,
580,,,,665,,181,,465,,,
585,,,,67,,1810,,47,,,
587,,,,670,,1815,,470,,,
590,,,,675,,182,,474,,,
595,,,,68,,1820,,475,,,
599,,,,680,,1830,,48,,,
6,,,,685,,1835,,480,,,
60,,,,690,,1845,,485,,,
600,,,,7,,185,,490,,,
605,,,,70,,1850,,495,,,
61,,,,700,,1855,,5,,,
610,,,,705,,186,,50,,,
615,,,,71,,1860,,500,,,
62,,,,710,,1865,,505,,,
620,,,,715,,187,,510,,,
625,,,,72,,1870,,515,,,
63,,,,720,,1875,,520,,,
630,,,,73,,189,,525,,,
635,,,,735,,1890,,530,,,
640,,,,74,,1895,,532,,,
645,,,,740,,19,,535,,,
65,,,,745,,190,,540,,,
650,,,,75,,1900,,545,,,
655,,,,750,,191,,55,,,
66,,,,76,,1915,,550,,,
660,,,,760,,192,,555,,,
665,,,,765,,1920,,560,,,
670,,,,77,,1925,,565,,,
675,,,,770,,1935,,57,,,
68,,,,775,,194,,570,,,
680,,,,78,,1945,,575,,,
685,,,,780,,195,,580,,,
690,,,,785,,1950,,585,,,
695,,,,790,,196,,588,,,
70,,,,795,,1960,,590,,,
700,,,,8,,1980,,595,,,
705,,,,80,,1985,,599,,,
710,,,,800,,199,,6,,,
715,,,,805,,1990,,60,,,
72,,,,81,,2,,600,,,
720,,,,810,,20,,605,,,
725,,,,815,,200,,61,,,
730,,,,820,,2020,,610,,,
735,,,,825,,2025,,615,,,
740,,,,830,,2035,,62,,,
745,,,,835,,2040,,620,,,
75,,,,840,,205,,625,,,
750,,,,845,,2050,,63,,,
755,,,,85,,206,,630,,,
760,,,,850,,2075,,635,,,
765,,,,855,,2080,,64,,,
77,,,,860,,209,,640,,,
770,,,,865,,2090,,645,,,
775,,,,870,,2099,,65,,,
78,,,,875,,210,,650,,,
780,,,,88,,215,,655,,,
785,,,,880,,216,,66,,,
790,,,,885,,219,,660,,,
795,,,,890,,22,,665,,,
8,,,,895,,220,,67,,,
80,,,,9,,222,,670,,,
800,,,,90,,223,,675,,,
805,,,,900,,224,,68,,,
810,,,,905,,225,,680,,,
815,,,,91,,229,,685,,,
820,,,,910,,230,,690,,,
825,,,,915,,235,,695,,,
830,,,,920,,238,,70,,,
835,,,,925,,239,,700,,,
84,,,,930,,24,,705,,,
840,,,,935,,240,,710,,,
845,,,,940,,245,,715,,,
85,,,,945,,247,,72,,,
850,,,,95,,25,,720,,,
851,,,,950,,250,,725,,,
855,,,,955,,252,,726,,,
86,,,,960,,254,,730,,,
860,,,,965,,255,,735,,,
865,,,,97,,256,,74,,,
870,,,,970,,258,,740,,,
875,,,,975,,260,,745,,,
88,,,,98,,261,,75,,,
880,,,,980,,263,,750,,,
885,,,,985,,264,,755,,,
890,,,,990,,265,,760,,,
895,,,,995,,266,,765,,,
899,,,,,,268,,770,,,
90,,,,,,270,,775,,,
900,,,,,,273,,780,,,
905,,,,,,274,,785,,,
910,,,,,,275,,790,,,
913,,,,,,276,,795,,,
915,,,,,,277,,8,,,
92,,,,,,279,,80,,,
920,,,,,,280,,800,,,
925,,,,,,282,,805,,,
930,,,,,,283,,81,,,
935,,,,,,284,,810,,,
940,,,,,,285,,815,,,
945,,,,,,286,,82,,,
95,,,,,,288,,820,,,
950,,,,,,290,,825,,,
955,,,,,,291,,83,,,
96,,,,,,295,,830,,,
960,,,,,,296,,835,,,
965,,,,,,298,,84,,,
975,,,,,,299,,840,,,
980,,,,,,3,,845,,,
985,,,,,,30,,85,,,
990,,,,,,300,,850,,,
995,,,,,,301,,855,,,
,,,,,,303,,86,,,
,,,,,,304,,860,,,
,,,,,,305,,865,,,
,,,,,,307,,870,,,
,,,,,,308,,875,,,
,,,,,,309,,880,,,
,,,,,,310,,885,,,
,,,,,,314,,890,,,
,,,,,,315,,895,,,
,,,,,,317,,899,,,
,,,,,,318,,90,,,
,,,,,,32,,900,,,
,,,,,,320,,905,,,
,,,,,,322,,910,,,
,,,,,,323,,915,,,
,,,,,,324,,920,,,
,,,,,,325,,925,,,
,,,,,,326,,930,,,
,,,,,,327,,935,,,
,,,,,,33,,940,,,
,,,,,,330,,945,,,
,,,,,,331,,95,,,
,,,,,,332,,950,,,
,,,,,,335,,955,,,
,,,,,,337,,96,,,
,,,,,,338,,960,,,
,,,,,,339,,965,,,
,,,,,,340,,97,,,
,,,,,,341,,970,,,
,,,,,,342,,975,,,
,,,,,,343,,980,,,
,,,,,,344,,990,,,
,,,,,,345,,995,,,
,,,,,,347,,,,,
,,,,,,349,,,,,
,,,,,,35,,,,,
,,,,,,350,,,,,
,,,,,,351,,,,,
,,,,,,352,,,,,
,,,,,,353,,,,,
,,,,,,355,,,,,
,,,,,,356,,,,,
,,,,,,358,,,,,
,,,,,,36,,,,,
,,,,,,360,,,,,
,,,,,,361,,,,,
,,,,,,362,,,,,
,,,,,,364,,,,,
,,,,,,365,,,,,
,,,,,,366,,,,,
,,,,,,367,,,,,
,,,,,,368,,,,,
,,,,,,369,,,,,
,,,,,,370,,,,,
,,,,,,371,,,,,
,,,,,,373,,,,,
,,,,,,375,,,,,
,,,,,,376,,,,,
,,,,,,377,,,,,
,,,,,,378,,,,,
,,,,,,379,,,,,
,,,,,,380,,,,,
,,,,,,381,,,,,
,,,,,,382,,,,,
,,,,,,383,,,,,
,,,,,,384,,,,,
,,,,,,385,,,,,
,,,,,,386,,,,,
,,,,,,387,,,,,
,,,,,,388,,,,,
,,,,,,389,,,,,
,,,,,,39,,,,,
,,,,,,390,,,,,
,,,,,,391,,,,,
,,,,,,392,,,,,
,,,,,,393,,,,,
,,,,,,394,,,,,
,,,,,,395,,,,,
,,,,,,396,,,,,
,,,,,,397,,,,,
,,,,,,398,,,,,
,,,,,,4,,,,,
,,,,,,40,,,,,
,,,,,,400,,,,,
,,,,,,401,,,,,
,,,,,,402,,,,,
,,,,,,403,,,,,
,,,,,,404,,,,,
,,,,,,405,,,,,
,,,,,,406,,,,,
,,,,,,407,,,,,
,,,,,,408,,,,,
,,,,,,409,,,,,
,,,,,,410,,,,,
,,,,,,411,,,,,
,,,,,,412,,,,,
,,,,,,413,,,,,
,,,,,,415,,,,,
,,,,,,416,,,,,
,,,,,,417,,,,,
,,,,,,418,,,,,
,,,,,,419,,,,,
,,,,,,420,,,,,
,,,,,,421,,,,,
,,,,,,422,,,,,
,,,,,,423,,,,,
,,,,,,424,,,,,
,,,,,,425,,,,,
,,,,,,426,,,,,
,,,,,,427,,,,,
,,,,,,428,,,,,
,,,,,,429,,,,,
,,,,,,430,,,,,
,,,,,,431,,,,,
,,,,,,432,,,,,
,,,,,,433,,,,,
,,,,,,434,,,,,
,,,,,,435,,,,,
,,,,,,436,,,,,
,,,,,,437,,,,,
,,,,,,438,,,,,
,,,,,,439,,,,,
,,,,,,440,,,,,
,,,,,,441,,,,,
,,,,,,442,,,,,
,,,,,,443,,,,,
,,,,,,444,,,,,
,,,,,,445,,,,,
,,,,,,446,,,,,
,,,,,,447,,,,,
,,,,,,448,,,,,
,,,,,,449,,,,,
,,,,,,45,,,,,
,,,,,,450,,,,,
,,,,,,451,,,,,
,,,,,,452,,,,,
,,,,,,453,,,,,
,,,,,,454,,,,,
,,,,,,455,,,,,
,,,,,,456,,,,,
,,,,,,457,,,,,
,,,,,,458,,,,,
,,,,,,459,,,,,
,,,,,,460,,,,,
,,,,,,461,,,,,
,,,,,,462,,,,,
,,,,,,463,,,,,
,,,,,,464,,,,,
,,,,,,465,,,,,
,,,,,,466,,,,,
,,,,,,467,,,,,
,,,,,,468,,,,,
,,,,,,469,,,,,
,,,,,,470,,,,,
,,,,,,471,,,,,
,,,,,,472,,,,,
,,,,,,473,,,,,
,,,,,,474,,,,,
,,,,,,475,,,,,
,,,,,,476,,,,,
,,,,,,477,,,,,
,,,,,,478,,,,,
,,,,,,479,,,,,
,,,,,,48,,,,,
,,,,,,480,,,,,
,,,,,,481,,,,,
,,,,,,482,,,,,
,,,,,,483,,,,,
,,,,,,484,,,,,
,,,,,,485,,,,,
,,,,,,486,,,,,
,,,,,,487,,,,,
,,,,,,488,,,,,
,,,,,,489,,,,,
,,,,,,490,,,,,
,,,,,,491,,,,,
,,,,,,492,,,,,
,,,,,,493,,,,,
,,,,,,494,,,,,
,,,,,,495,,,,,
,,,,,,496,,,,,
,,,,,,497,,,,,
,,,,,,498,,,,,
,,,,,,499,,,,,
,,,,,,5,,,,,
,,,,,,50,,,,,
,,,,,,500,,,,,
,,,,,,501,,,,,
,,,,,,502,,,,,
,,,,,,503,,,,,
,,,,,,504,,,,,
,,,,,,505,,,,,
,,,,,,506,,,,,
,,,,,,507,,,,,
,,,,,,508,,,,,
,,,,,,509,,,,,
,,,,,,510,,,,,
,,,,,,511,,,,,
,,,,,,512,,,,,
,,,,,,513,,,,,
,,,,,,514,,,,,
,,,,,,515,,,,,
,,,,,,516,,,,,
,,,,,,517,,,,,
,,,,,,518,,,,,
,,,,,,519,,,,,
,,,,,,52,,,,,
,,,,,,520,,,,,
,,,,,,521,,,,,
,,,,,,522,,,,,
,,,,,,523,,,,,
,,,,,,524,,,,,
,,,,,,525,,,,,
,,,,,,526,,,,,
,,,,,,527,,,,,
,,,,,,528,,,,,
,,,,,,529,,,,,
,,,,,,530,,,,,
,,,,,,531,,,,,
,,,,,,532,,,,,
,,,,,,533,,,,,
,,,,,,534,,,,,
,,,,,,535,,,,,
,,,,,,536,,,,,
,,,,,,537,,,,,
,,,,,,538,,,,,
,,,,,,539,,,,,
,,,,,,54,,,,,
,,,,,,540,,,,,
,,,,,,541,,,,,
,,,,,,542,,,,,
,,,,,,543,,,,,
,,,,,,544,,,,,
,,,,,,545,,,,,
,,,,,,546,,,,,
,,,,,,547,,,,,
,,,,,,548,,,,,
,,,,,,549,,,,,
,,,,,,55,,,,,
,,,,,,550,,,,,
,,,,,,551,,,,,
,,,,,,552,,,,,
,,,,,,553,,,,,
,,,,,,554,,,,,
,,,,,,555,,,,,
,,,,,,556,,,,,
,,,,,,557,,,,,
,,,,,,558,,,,,
,,,,,,559,,,,,
,,,,,,560,,,,,
,,,,,,561,,,,,
,,,,,,562,,,,,
,,,,,,563,,,,,
,,,,,,564,,,,,
,,,,,,565,,,,,
,,,,,,566,,,,,
,,,,,,567,,,,,
,,,,,,568,,,,,
,,,,,,569,,,,,
,,,,,,570,,,,,
,,,,,,571,,,,,
,,,,,,572,,,,,
,,,,,,574,,,,,
,,,,,,575,,,,,
,,,,,,576,,,,,
,,,,,,577,,,,,
,,,,,,578,,,,,
,,,,,,579,,,,,
,,,,,,58,,,,,
,,,,,,580,,,,,
,,,,,,581,,,,,
,,,,,,582,,,,,
,,,,,,584,,,,,
,,,,,,585,,,,,
,,,,,,587,,,,,
,,,,,,589,,,,,
,,,,,,590,,,,,
,,,,,,592,,,,,
,,,,,,593,,,,,
,,,,,,594,,,,,
,,,,,,595,,,,,
,,,,,,596,,,,,
,,,,,,597,,,,,
,,,,,,598,,,,,
,,,,,,599,,,,,
,,,,,,6,,,,,
,,,,,,60,,,,,
,,,,,,600,,,,,
,,,,,,601,,,,,
,,,,,,602,,,,,
,,,,,,603,,,,,
,,,,,,604,,,,,
,,,,,,605,,,,,
,,,,,,606,,,,,
,,,,,,608,,,,,
,,,,,,610,,,,,
,,,,,,612,,,,,
,,,,,,614,,,,,
,,,,,,615,,,,,
,,,,,,617,,,,,
,,,,,,619,,,,,
,,,,,,620,,,,,
,,,,,,621,,,,,
,,,,,,622,,,,,
,,,,,,624,,,,,
,,,,,,625,,,,,
,,,,,,626,,,,,
,,,,,,627,,,,,
,,,,,,629,,,,,
,,,,,,630,,,,,
,,,,,,631,,,,,
,,,,,,632,,,,,
,,,,,,634,,,,,
,,,,,,635,,,,,
,,,,,,636,,,,,
,,,,,,637,,,,,
,,,,,,638,,,,,
,,,,,,639,,,,,
,,,,,,640,,,,,
,,,,,,641,,,,,
,,,,,,644,,,,,
,,,,,,645,,,,,
,,,,,,647,,,,,
,,,,,,649,,,,,
,,,,,,65,,,,,
,,,,,,650,,,,,
,,,,,,651,,,,,
,,,,,,652,,,,,
,,,,,,654,,,,,
,,,,,,655,,,,,
,,,,,,656,,,,,
,,,,,,657,,,,,
,,,,,,658,,,,,
,,,,,,659,,,,,
,,,,,,660,,,,,
,,,,,,661,,,,,
,,,,,,662,,,,,
,,,,,,663,,,,,
,,,,,,664,,,,,
,,,,,,665,,,,,
,,,,,,667,,,,,
,,,,,,669,,,,,
,,,,,,67,,,,,
,,,,,,670,,,,,
,,,,,,674,,,,,
,,,,,,675,,,,,
,,,,,,679,,,,,
,,,,,,680,,,,,
,,,,,,681,,,,,
,,,,,,684,,,,,
,,,,,,685,,,,,
,,,,,,69,,,,,
,,,,,,690,,,,,
,,,,,,695,,,,,
,,,,,,699,,,,,
,,,,,,7,,,,,
,,,,,,70,,,,,
,,,,,,700,,,,,
,,,,,,704,,,,,
,,,,,,705,,,,,
,,,,,,708,,,,,
,,,,,,709,,,,,
,,,,,,71,,,,,
,,,,,,710,,,,,
,,,,,,712,,,,,
,,,,,,714,,,,,
,,,,,,715,,,,,
,,,,,,718,,,,,
,,,,,,72,,,,,
,,,,,,720,,,,,
,,,,,,724,,,,,
,,,,,,725,,,,,
,,,,,,729,,,,,
,,,,,,730,,,,,
,,,,,,734,,,,,
,,,,,,735,,,,,
,,,,,,739,,,,,
,,,,,,74,,,,,
,,,,,,740,,,,,
,,,,,,744,,,,,
,,,,,,745,,,,,
,,,,,,747,,,,,
,,,,,,749,,,,,
,,,,,,75,,,,,
,,,,,,750,,,,,
,,,,,,754,,,,,
,,,,,,755,,,,,
,,,,,,759,,,,,
,,,,,,760,,,,,
,,,,,,764,,,,,
,,,,,,765,,,,,
,,,,,,766,,,,,
,,,,,,768,,,,,
,,,,,,770,,,,,
,,,,,,774,,,,,
,,,,,,775,,,,,
,,,,,,780,,,,,
,,,,,,784,,,,,
,,,,,,785,,,,,
,,,,,,790,,,,,
,,,,,,791,,,,,
,,,,,,793,,,,,
,,,,,,794,,,,,
,,,,,,795,,,,,
,,,,,,798,,,,,
,,,,,,8,,,,,
,,,,,,80,,,,,
,,,,,,800,,,,,
,,,,,,805,,,,,
,,,,,,810,,,,,
,,,,,,815,,,,,
,,,,,,820,,,,,
,,,,,,825,,,,,
,,,,,,830,,,,,
,,,,,,831,,,,,
,,,,,,835,,,,,
,,,,,,840,,,,,
,,,,,,845,,,,,
,,,,,,848,,,,,
,,,,,,85,,,,,
,,,,,,850,,,,,
,,,,,,855,,,,,
,,,,,,86,,,,,
,,,,,,860,,,,,
,,,,,,865,,,,,
,,,,,,870,,,,,
,,,,,,873,,,,,
,,,,,,875,,,,,
,,,,,,880,,,,,
,,,,,,883,,,,,
,,,,,,885,,,,,
,,,,,,886,,,,,
,,,,,,888,,,,,
,,,,,,890,,,,,
,,,,,,895,,,,,
,,,,,,896,,,,,
,,,,,,898,,,,,
,,,,,,899,,,,,
,,,,,,90,,,,,
,,,,,,900,,,,,
,,,,,,905,,,,,
,,,,,,906,,,,,
,,,,,,908,,,,,
,,,,,,910,,,,,
,,,,,,915,,,,,
,,,,,,916,,,,,
,,,,,,920,,,,,
,,,,,,924,,,,,
,,,,,,925,,,,,
,,,,,,930,,,,,
,,,,,,931,,,,,
,,,,,,935,,,,,
,,,,,,938,,,,,
,,,,,,940,,,,,
,,,,,,941,,,,,
,,,,,,944,,,,,
,,,,,,945,,,,,
,,,,,,946,,,,,
,,,,,,95,,,,,
,,,,,,950,,,,,
,,,,,,954,,,,,
,,,,,,955,,,,,
,,,,,,958,,,,,
,,,,,,96,,,,,
,,,,,,960,,,,,
,,,,,,965,,,,,
,,,,,,970,,,,,
,,,,,,974,,,,,
,,,,,,975,,,,,
,,,,,,976,,,,,
,,,,,,980,,,,,
,,,,,,984,,,,,
,,,,,,985,,,,,
,,,,,,986,,,,,
,,,,,,988,,,,,
,,,,,,990,,,,,
,,,,,,994,,,,,
,,,,,,995,,,,,
,,,,,,996,,,,,
,,,,,,997,,,,,
