care_purpose,morbidity,etiology,major_clinical_category
0,0,0,0
R262,A020,A020,0311
Z012,A029,A047,0312
Z018,A047,A049,0313
Z019,A048,A066,0314
Z020,A049,A083,0315
Z022,A060,A084,0316
Z031,A062,A085,0317
Z032,A082,A09,0318
Z033,A083,A150,0320
Z038,A084,A151,0330
Z048,A09,A153,0340
Z080,A150,A156,0350
Z081,A151,A162,0360
Z082,A152,A165,0380
Z087,A153,A167,040
Z088,A156,A169,0411
Z089,A157,A178,0412
Z090,A159,A180,0413
Z092,A162,A181,0414
Z093,A165,A183,0415
Z094,A167,A190,0416
Z097,A169,A260,0417
Z098,A180,A281,0418
Z099,A182,A319,0420
Z133,A185,A321,0430
Z134,A188,A329,0440
Z136,A199,A370,0450
Z290,A260,A390,0460
Z292,A279,A400,0480
Z298,A310,A402,0490
Z314,A318,A408,0499
Z316,A319,A409,0511
Z359,A321,A410,0512
Z420,A379,A411,0513
Z422,A390,A412,0514
Z423,A400,A415,0515
Z424,A403,A418,0516
Z428,A409,A419,0517
Z430,A410,A46,0518
Z431,A411,A480,0520
Z432,A412,A481,0540
Z433,A414,A488,0550
Z434,A415,A514,0560
Z435,A418,A521,0580
Z436,A419,A692,0615
Z438,A427,A78,3411
Z440,A429,A800,3412
Z441,A430,A803,3413
Z448,A46,A809,3414
Z450,A481,A812,3415
Z451,A483,A858,3416
Z452,A803,A86,3417
Z453,A809,B004,3418
Z458,A810,B022,3420
Z4584,A812,B023,3430
Z459,A830,B028,3440
Z462,A86,B029,3450
Z465,A878,B181,3460
Z466,A879,B182,3480
Z467,B004,B199,
Z468,B020,B200,
Z470,B022,B201,
Z478,B023,B203,
Z479,B027,B204,
Z480,B028,B206,
Z488,B029,B207,
Z489,B159,B208,
Z490,B169,B211,
Z491,B171,B218,
Z500,B172,B220,
Z501,B181,B222,
Z502,B182,B238,
Z503,B200,B24,
Z504,B204,B24+0,
Z505,B206,B24+1,
Z506,B207,B250,
Z507,B212,B258,
Z508,B220,B340,
Z509,B222,B341,
Z5101,B231,B349,
Z511,B238,B378,
Z512,B24,B379,
Z513,B24+0,B441,
Z514,B24+1,B449,
Z515,B24+9,B451,
Z516,B250,B500,
Z518,B259,B582,
Z5188,B369,B59,
Z522,B370,B672,
Z530,B378,B749,
Z531,B400,B902,
Z532,B440,B909,
Z538,B441,B91,
Z539,B449,B941,
Z540,B488,B949,
Z541,B582,B99+1,
Z542,B588,C002,
Z543,B59,C009,
Z544,B673,C01,
Z547,B678,C023,
Z548,B850,C024,
Z549,B86,C028,
Z701,B901,C029,
Z708,B909,C031,
Z712,B949,C039,
Z713,B99+0,C040,
Z714,B99+1,C041,
Z715,C000,C049,
Z716,C009,C052,
Z717,C01,C058,
Z718,C021,C059,
Z762,C024,C060,
ZAIGU,C028,C068,
,C029,C069,
,C030,C07,
,C031,C090,
,C039,C091,
,C040,C099,
,C041,C100,
,C048,C103,
,C049,C109,
,C050,C111,
,C051,C119,
,C058,C12,
,C059,C130,
,C060,C132,
,C068,C139,
,C07,C140,
,C080,C148,
,C081,C150,
,C090,C151,
,C091,C152,
,C098,C153,
,C099,C154,
,C100,C155,
,C101,C158,
,C102,C159,
,C103,C160,
,C108,C161,
,C109,C162,
,C111,C163,
,C118,C164,
,C119,C165,
,C12,C166,
,C132,C169,
,C138,C170,
,C139,C172,
,C140,C178,
,C148,C179,
,C150,C180,
,C151,C181,
,C152,C182,
,C153,C183,
,C154,C184,
,C155,C185,
,C158,C186,
,C159,C187,
,C160,C188,
,C161,C189,
,C162,C19,
,C163,C20,
,C164,C210,
,C165,C211,
,C166,C218,
,C168,C220,
,C169,C221,
,C170,C222,
,C171,C227,
,C172,C229,
,C179,C23,
,C180,C240,
,C182,C241,
,C183,C248,
,C184,C249,
,C185,C250,
,C186,C251,
,C187,C252,
,C188,C253,
,C189,C257,
,C19,C258,
,C20,C259,
,C210,C260,
,C211,C268,
,C218,C300,
,C220,C301,
,C221,C310,
,C227,C313,
,C229,C319,
,C23,C320,
,C240,C321,
,C241,C322,
,C248,C328,
,C249,C329,
,C250,C33,
,C251,C340,
,C252,C341,
,C253,C342,
,C254,C343,
,C257,C348,
,C258,C349,
,C259,C37,
,C260,C383,
,C268,C384,
,C300,C390,
,C301,C398,
,C311,C400,
,C319,C402,
,C320,C408,
,C321,C409,
,C322,C410,
,C328,C411,
,C329,C412,
,C33,C414,
,C340,C418,
,C341,C419,
,C342,C433,
,C343,C435,
,C348,C436,
,C349,C437,
,C37,C439,
,C381,C440,
,C382,C441,
,C383,C442,
,C384,C443,
,C388,C446,
,C390,C447,
,C398,C449,
,C402,C450,
,C409,C451,
,C410,C459,
,C411,C461,
,C412,C472,
,C413,C480,
,C414,C481,
,C418,C482,
,C419,C491,
,C432,C492,
,C433,C4938,
,C434,C494,
,C435,C495,
,C436,C4958,
,C437,C498,
,C438,C500,
,C439,C501,
,C441,C502,
,C442,C503,
,C443,C504,
,C444,C505,
,C445,C506,
,C447,C508,
,C449,C509,
,C450,C510,
,C459,C519,
,C470,C530,
,C476,C531,
,C479,C538,
,C480,C539,
,C481,C540,
,C482,C541,
,C488,C542,
,C490,C543,
,C491,C548,
,C492,C549,
,C494,C55,
,C4948,C56,
,C495,C570,
,C498,C574,
,C500,C577,
,C501,C578,
,C502,C579,
,C503,C600,
,C504,C601,
,C505,C608,
,C506,C61,
,C508,C621,
,C509,C632,
,C518,C638,
,C519,C64,
,C52,C65,
,C530,C66,
,C531,C670,
,C538,C671,
,C539,C672,
,C541,C673,
,C542,C674,
,C543,C675,
,C549,C676,
,C55,C678,
,C56,C679,
,C570,C680,
,C578,C689,
,C579,C696,
,C61,C699,
,C629,C700,
,C64,C701,
,C65,C709,
,C66,C710,
,C670,C711,
,C671,C712,
,C672,C713,
,C673,C714,
,C674,C715,
,C675,C716,
,C676,C717,
,C678,C718,
,C679,C719,
,C688,C720,
,C689,C721,
,C690,C729,
,C692,C73,
,C694,C740,
,C696,C749,
,C700,C754,
,C701,C760,
,C709,C762,
,C710,C763,
,C711,C765,
,C712,C767,
,C713,C770,
,C714,C771,
,C715,C772,
,C716,C773,
,C717,C774,
,C718,C775,
,C719,C779,
,C720,C780,
,C725,C781,
,C728,C782,
,C73,C783,
,C740,C784,
,C749,C785,
,C750,C786,
,C758,C787,
,C760,C788,
,C761,C790,
,C762,C791,
,C763,C792,
,C765,C793,
,C768,C794,
,C770,C795,
,C771,C796,
,C772,C797,
,C773,C798,
,C774,C80+0,
,C775,C811,
,C778,C817,
,C779,C819,
,C780,C822,
,C781,C827,
,C782,C829,
,C783,C830,
,C784,C833,
,C785,C835,
,C786,C836,
,C787,C837,
,C788,C838,
,C790,C839,
,C791,C844,
,C792,C845,
,C793,C850,
,C794,C851,
,C795,C857,
,C796,C859,
,C797,C880,
,C798,C887,
,C80+0,C900,
,C811,C901,
,C817,C902,
,C819,C910,
,C820,C911,
,C821,C912,
,C822,C914,
,C827,C915,
,C829,C919,
,C830,C920,
,C833,C921,
,C834,C922,
,C835,C923,
,C836,C924,
,C837,C927,
,C838,C929,
,C839,C931,
,C840,C945,
,C842,C950,
,C844,C951,
,C845,C959,
,C850,D001,
,C851,D002,
,C857,D010,
,C859,D011,
,C880,D012,
,C889,D022,
,C900,D023,
,C901,D035,
,C902,D036,
,C910,D037,
,C911,D038,
,C912,D057,
,C915,D070,
,C919,D075,
,C920,D090,
,C921,D097,
,C922,D100,
,C923,D120,
,C925,D122,
,C927,D123,
,C929,D125,
,C930,D126,
,C931,D130,
,C945,D131,
,C947,D132,
,C950,D133,
,C957,D134,
,C959,D135,
,D000,D136,
,D001,D137,
,D012,D143,
,D020,D150,
,D022,D151,
,D037,D162,
,D038,D166,
,D042,D168,
,D043,D172,
,D059,D179,
,D067,D180,
,D069,D191,
,D070,D211,
,D071,D24,
,D075,D250,
,D090,D251,
,D104,D259,
,D122,D260,
,D124,D261,
,D126,D267,
,D128,D269,
,D132,D27,
,D134,D291,
,D136,D300,
,D137,D301,
,D142,D302,
,D143,D303,
,D150,D316,
,D151,D320,
,D162,D321,
,D164,D329,
,D166,D330,
,D168,D331,
,D172,D332,
,D173,D333,
,D179,D334,
,D180,D337,
,D181,D34,
,D190,D351,
,D213,D352,
,D214,D361,
,D223,D370,
,D232,D371,
,D235,D372,
,D237,D374,
,D24,D375,
,D250,D376,
,D251,D377,
,D259,D381,
,D260,D383,
,D261,D390,
,D267,D391,
,D269,D397,
,D27,D400,
,D291,D410,
,D292,D412,
,D303,D414,
,D320,D420,
,D321,D421,
,D329,D430,
,D330,D431,
,D331,D434,
,D333,D439,
,D334,D441,
,D34,D444,
,D350,D4440,
,D351,D45,
,D352,D461,
,D361,D462,
,D367,D464,
,D370,D467,
,D371,D469,
,D374,D471,
,D376,D472,
,D377,D473,
,D381,D477,
,D383,D480,
,D384,D481,
,D390,D485,
,D391,D487,
,D392,D500,
,D400,D508,
,D410,D509,
,D414,D510,
,D420,D513,
,D421,D518,
,D429,D519,
,D430,D520,
,D431,D529,
,D439,D539,
,D440,D570,
,D441,D589,
,D443,D591,
,D4440,D594,
,D448,D598,
,D45,D600,
,D460,D608,
,D461,D609,
,D462,D611,
,D463,D612,
,D464,D613,
,D467,D619,
,D469,D62,
,D471,D630,
,D472,D638,
,D473,D648,
,D479,D649,
,D480,D65,
,D486,D683,
,D487,D689,
,D500,D690,
,D508,D693,
,D509,D694,
,D510,D695,
,D511,D696,
,D513,D70,
,D518,D733,
,D519,D751,
,D520,D752,
,D528,D760,
,D529,D763,
,D539,D801,
,D552,D809,
,D558,D848,
,D569,D860,
,D572,D862,
,D589,D868,
,D590,D869,
,D591,D890,
,D592,D891,
,D594,E02,
,D598,E032,
,D599,E035,
,D600,E038,
,D601,E039,
,D611,E040,
,D612,E041,
,D613,E042,
,D618,E048,
,D619,E049,
,D62,E050,
,D630,E051,
,D638,E052,
,D640,E055,
,D641,E058,
,D642,E059,
,D643,E063,
,D648,E065,
,D649,E078,
,D65,E100,
,D66,E101,
,D683,E102,
,D684,E103,
,D690,E104,
,D692,E105,
,D693,E106,
,D695,E107,
,D696,E109,
,D70,E110,
,D71,E112,
,D728,E113,
,D730,E114,
,D731,E115,
,D735,E116,
,D750,E117,
,D758,E119,
,D760,E125,
,D801,E127,
,D860,E129,
,D862,E131,
,D869,E132,
,D890,E134,
,E032,E135,
,E035,E136,
,E038,E137,
,E039,E139,
,E040,E144,
,E041,E145,
,E042,E146,
,E049,E147,
,E050,E149,
,E051,E160,
,E052,E161,
,E055,E162,
,E058,E168,
,E059,E200,
,E060,E210,
,E063,E213,
,E100,E222,
,E101,E232,
,E102,E233,
,E103,E240,
,E104,E249,
,E105,E271,
,E106,E273,
,E107,E274,
,E109,E328,
,E110,E340,
,E111,E41,
,E112,E42,
,E113,E43,
,E114,E440,
,E115,E441,
,E116,E46,
,E117,E512,
,E119,E538,
,E120,E539,
,E121,E559,
,E127,E568,
,E130,E631,
,E132,E639,
,E135,E65,
,E137,E660,
,E139,E6600,
,E140,E6601,
,E141,E661,
,E144,E6610,
,E147,E662,
,E149,E6620,
,E15,E6621,
,E160,E668,
,E161,E6680,
,E162,E669,
,E210,E6690,
,E212,E6691,
,E220,E702,
,E222,E713,
,E230,E749,
,E232,E752,
,E242,E755,
,E260,E762,
,E268,E763,
,E272,E780,
,E273,E781,
,E274,E782,
,E41,E785,
,E43,E788,
,E440,E789,
,E441,E790,
,E45,E791,
,E46,E802,
,E509,E831,
,E512,E835,
,E519,E840,
,E538,E841,
,E569,E849,
,E60,E851,
,E631,E854,
,E639,E858,
,E65,E859,
,E660,E86,
,E6600,E870,
,E6601,E871,
,E661,E872,
,E6610,E875,
,E6611,E876,
,E662,E878,
,E6620,E880,
,E6621,E888,
,E668,E890,
,E6680,F000,
,E6681,F00000,
,E669,F00001,
,E6690,F00002,
,E6691,F00032,
,E701,F00042,
,E722,F001,
,E740,F0010,
,E752,F00100,
,E760,F00101,
,E763,F00102,
,E780,F00110,
,E781,F00112,
,E785,F00132,
,E788,F00141,
,E789,F00142,
,E802,F002,
,E831,F00202,
,E835,F009,
,E840,F00901,
,E841,F0094,
,E851,F010,
,E853,F01000,
,E854,F01002,
,E859,F01022,
,E86,F01042,
,E870,F011,
,E871,F01100,
,E872,F012,
,E875,F01202,
,E876,F013,
,E877,F01301,
,E878,F01302,
,E880,F0131,
,E881,F018,
,E888,F01801,
,E890,F01811,
,E891,F019,
,E892,F0190,
,E893,F01901,
,E894,F01902,
,E898,F020,
,E90,F0223,
,F000,F023,
,F00001,F0230,
,F0001,F02302,
,F00011,F02332,
,F00012,F028,
,F00022,F02810,
,F00031,F02811,
,F001,F02842,
,F0010,F03,
,F00100,F03+0,
,F00101,F03+00,
,F00102,F03+01,
,F00111,F03+02,
,F00112,F03+12,
,F0012,F03+2,
,F00122,F03+3,
,F0013,F03+31,
,F00132,F03+32,
,F00142,F03+4,
,F002,F03+40,
,F00201,F03+41,
,F0023,F03+42,
,F009,F04,
,F00902,F050,
,F00941,F051,
,F00942,F058,
,F010,F059,
,F0100,F062,
,F01000,F063,
,F01001,F0631,
,F0101,F064,
,F011,F066,
,F0111,F067,
,F01111,F0670,
,F012,F0671,
,F013,F068,
,F0130,F069,
,F01300,F070,
,F01301,F071,
,F01302,F072,
,F0131,F078,
,F01341,F09,
,F01342,F100,
,F018,F1002,
,F01802,F101,
,F01841,F102,
,F019,F10200,
,F01902,F10202,
,F020,F1021,
,F023,F1022,
,F02302,F10241,
,F02310,F1025,
,F0232,F103,
,F02320,F1031,
,F024,F104,
,F02400,F105,
,F02411,F106,
,F02422,F107,
,F02430,F1071,
,F02442,F1073,
,F028,F1074,
,F02801,F108,
,F0281,F109,
,F02832,F110,
,F03,F111,
,F03+0,F115,
,F03+00,F130,
,F03+01,F132,
,F03+02,F142,
,F03+1,F14200,
,F03+11,F1425,
,F03+12,F153,
,F03+3,F1556,
,F03+31,F172,
,F03+32,F1720,
,F03+4,F1724,
,F03+40,F180,
,F03+41,F192,
,F03+42,F1924,
,F04,F195,
,F050,F1950,
,F051,F1951,
,F058,F1954,
,F059,F200,
,F060,F2008,
,F063,F201,
,F0632,F203,
,F065,F206,
,F067,F2062,
,F0670,F208,
,F0671,F209,
,F068,F21,
,F069,F220,
,F070,F228,
,F072,F229,
,F078,F230,
,F079,F232,
,F09,F250,
,F100,F251,
,F1000,F259,
,F1005,F28,
,F101,F29,
,F102,F309,
,F10201,F310,
,F10202,F311,
,F1021,F312,
,F10240,F313,
,F10241,F3130,
,F1025,F3131,
,F1026,F314,
,F103,F315,
,F1030,F316,
,F1031,F317,
,F104,F318,
,F105,F319,
,F106,F320,
,F107,F3201,
,F1071,F321,
,F1073,F3210,
,F1075,F3211,
,F108,F322,
,F109,F323,
,F110,F328,
,F1103,F329,
,F111,F330,
,F112,F3300,
,F1122,F3301,
,F113,F331,
,F1156,F3310,
,F117,F3311,
,F120,F332,
,F1204,F333,
,F130,F3330,
,F133,F339,
,F14200,F340,
,F1424,F341,
,F14240,F348,
,F143,F388,
,F172,F39,
,F190,F401,
,F1905,F402,
,F192,F408,
,F195,F410,
,F200,F411,
,F201,F412,
,F202,F418,
,F203,F419,
,F204,F420,
,F205,F429,
,F206,F431,
,F208,F432,
,F209,F4320,
,F220,F4322,
,F228,F439,
,F229,F440,
,F230,F444,
,F232,F448,
,F233,F449,
,F238,F450,
,F24,F452,
,F250,F453,
,F251,F454,
,F252,F480,
,F258,F489,
,F28,F500,
,F29,F501,
,F300,F502,
,F302,F503,
,F308,F504,
,F309,F505,
,F310,F508,
,F311,F509,
,F312,F510,
,F313,F512,
,F3130,F522,
,F314,F531,
,F315,F54,
,F316,F59,
,F317,F600,
,F318,F601,
,F319,F602,
,F320,F603,
,F3200,F6030,
,F3201,F6031,
,F321,F604,
,F3210,F605,
,F3211,F606,
,F322,F607,
,F323,F608,
,F3230,F609,
,F3231,F642,
,F328,F648,
,F329,F649,
,F330,F680,
,F3300,F681,
,F3301,F688,
,F331,F69,
,F3310,F700,
,F3311,F701,
,F332,F709,
,F333,F711,
,F3330,F731,
,F3331,F790,
,F338,F798,
,F339,F799,
,F340,F810,
,F341,F812,
,F388,F82,
,F39,F840,
,F401,F842,
,F402,F844,
,F408,F88,
,F410,F89,
,F411,F912,
,F412,F920,
,F413,F928,
,F418,F985,
,F419,F988,
,F420,G001,
,F421,G002,
,F422,G008,
,F428,G009,
,F429,G01,
,F430,G020,
,F431,G021,
,F432,G030,
,F4322,G031,
,F444,G039,
,F445,G040,
,F448,G042,
,F449,G048,
,F450,G049,
,F452,G050,
,F453,G051,
,F454,G052,
,F458,G058,
,F480,G060,
,F488,G061,
,F489,G062,
,F500,G07,
,F501,G08,
,F502,G09,
,F503,G10,
,F504,G111,
,F505,G112,
,F508,G114,
,F509,G118,
,F510,G119,
,F54,G120,
,F59,G121,
,F600,G122,
,F601,G128,
,F602,G130,
,F603,G138,
,F6030,G20,
,F604,G210,
,F606,G211,
,F607,G218,
,F608,G219,
,F609,G22,
,F61,G231,
,F621,G238,
,F628,G239,
,F629,G248,
,F630,G250,
,F638,G253,
,F660,G255,
,F681,G258,
,F688,G259,
,F69,G26,
,F701,G300,
,F710,G301,
,F711,G308,
,F719,G309,
,F720,G310,
,F721,G311,
,F730,G312,
,F731,G318,
,F781,G319,
,F791,G328,
,F801,G35,
,F802,G369,
,F809,G372,
,F810,G373,
,F811,G374,
,F812,G375,
,F813,G378,
,F818,G379,
,F819,G400,
,F82,G401,
,F83,G402,
,F840,G403,
,F841,G404,
,F842,G405,
,F844,G406,
,F845,G408,
,F848,G409,
,F849,G410,
,F88,G419,
,F900,G451,
,F901,G452,
,F909,G458,
,F910,G459,
,F911,G460,
,F912,G462,
,F913,G463,
,F918,G464,
,F919,G467,
,F920,G468,
,F928,G473,
,F930,G474,
,F932,G479,
,F938,G500,
,F939,G509,
,F941,G510,
,F948,G511,
,F952,G518,
,F980,G522,
,F981,G527,
,F988,G530,
,F989,G540,
,G001,G541,
,G002,G542,
,G003,G544,
,G01,G547,
,G021,G548,
,G030,G550,
,G031,G551,
,G039,G552,
,G040,G553,
,G041,G558,
,G042,G560,
,G048,G563,
,G049,G570,
,G050,G572,
,G051,G573,
,G052,G574,
,G060,G576,
,G061,G578,
,G062,G587,
,G09,G600,
,G10,G602,
,G111,G603,
,G112,G608,
,G113,G609,
,G114,G610,
,G118,G618,
,G119,G619,
,G121,G620,
,G122,G621,
,G128,G622,
,G130,G628,
,G138,G629,
,G20,G630,
,G210,G631,
,G211,G632,
,G212,G634,
,G218,G636,
,G219,G638,
,G22,G64,
,G231,G700,
,G232,G709,
,G238,G710,
,G239,G711,
,G240,G712,
,G243,G713,
,G244,G720,
,G248,G728,
,G249,G729,
,G250,G736,
,G251,G800,
,G252,G801,
,G253,G802,
,G255,G803,
,G258,G804,
,G259,G808,
,G26,G809,
,G300,G810,
,G301,G8100,
,G308,G811,
,G309,G819,
,G310,G820,
,G311,G821,
,G312,G822,
,G318,G823,
,G319,G824,
,G328,G825,
,G35,G831,
,G361,G832,
,G379,G833,
,G400,G834,
,G401,G838,
,G402,G838+0,
,G403,G839,
,G404,G900,
,G405,G903,
,G406,G908,
,G407,G911,
,G408,G912,
,G409,G913,
,G410,G918,
,G411,G919,
,G418,G92,
,G419,G930,
,G439,G931,
,G440,G932,
,G441,G934,
,G442,G936,
,G450,G938,
,G451,G941,
,G452,G942,
,G453,G950,
,G458,G951,
,G459,G952,
,G460,G958,
,G462,G961,
,G463,G968,
,G464,G978,
,G467,G98,
,G468,G990,
,G470,G991,
,G471,G992,
,G473,H150,
,G474,H160,
,G479,H163,
,G500,H169,
,G510,H181,
,G511,H182,
,G518,H184,
,G519,H185,
,G522,H189,
,G527,H209,
,G528,H250,
,G530,H251,
,G533,H258,
,G540,H259,
,G541,H262,
,G542,H268,
,G544,H269,
,G545,H280,
,G546,H308,
,G547,H309,
,G548,H311,
,G550,H330,
,G551,H332,
,G552,H335,
,G553,H341,
,G558,H350,
,G560,H351,
,G561,H352,
,G562,H353,
,G563,H355,
,G568,H358,
,G570,H360,
,G571,H400,
,G572,H401,
,G573,H402,
,G574,H408,
,G576,H409,
,G578,H431,
,G588,H433,
,G590,H438,
,G598,H442,
,G600,H445,
,G603,H470,
,G610,H472,
,G611,H490,
,G618,H499,
,G619,H539,
,G620,H540,
,G621,H541,
,G628,H542,
,G629,H543,
,G630,H544,
,G632,H547,
,G633,H55,
,G638,H588,
,G64,H590,
,G700,H602,
,G708,H653,
,G709,H701,
,G710,H709,
,G711,H71,
,G712,H728,
,G723,H738,
,G728,H810,
,G729,H811,
,G800,H812,
,G801,H813,
,G802,H814,
,G803,H818,
,G804,H819,
,G808,H82,
,G809,H830,
,G810,H838,
,G8100,H903,
,G8101,H905,
,G8108,H918,
,G811,H920,
,G819,H950,
,G820,I00,
,G821,I050,
,G822,I051,
,G823,I052,
,G824,I058,
,G825,I059,
,G830,I060,
,G831,I061,
,G832,I062,
,G833,I069,
,G834,I071,
,G838,I080,
,G838+0,I081,
,G838+8,I083,
,G839,I088,
,G900,I10,
,G901,I110,
,G902,I119,
,G903,I120,
,G910,I129,
,G911,I130,
,G912,I131,
,G913,I132,
,G918,I150,
,G919,I159,
,G92,I200,
,G930,I200+0,
,G931,I201,
,G932,I208,
,G934,I209,
,G935,I210,
,G936,I2100,
,G938,I21000,
,G941,I2108,
,G948,I211,
,G950,I2110,
,G952,I21100,
,G958,I2118,
,G960,I212,
,G961,I2120,
,G970,I2128,
,G978,I213,
,G990,I21300,
,G992,I2138,
,H020,I214,
,H024,I2148,
,H027,I219,
,H029,I2190,
,H043,I2198,
,H048,I220,
,H052,I2208,
,H102,I221,
,H160,I2288,
,H162,I232,
,H163,I233,
,H181,I235,
,H182,I236,
,H183,I238,
,H188,I240,
,H200,I248,
,H250,I249,
,H251,I250,
,H258,I251,
,H259,I252,
,H262,I253,
,H264,I254,
,H268,I255,
,H269,I256,
,H270,I258,
,H271,I259,
,H280,I260,
,H309,I269,
,H3200,I270,
,H330,I272,
,H332,I278,
,H335,I279,
,H341,I301,
,H342,I308,
,H353,I309,
,H354,I311,
,H355,I312,
,H356,I313,
,H358,I319,
,H359,I330,
,H400,I339,
,H402,I340,
,H406,I341,
,H409,I342,
,H431,I348,
,H439,I349,
,H440,I350,
,H441,I351,
,H46,I352,
,H490,I358,
,H492,I359,
,H508,I361,
,H532,I369,
,H534,I372,
,H536,I38,
,H538,I390,
,H539,I391,
,H540,I394,
,H541,I400,
,H542,I408,
,H543,I409,
,H544,I420,
,H545,I421,
,H581,I422,
,H609,I425,
,H650,I426,
,H652,I427,
,H653,I428,
,H660,I429,
,H669,I438,
,H71,I440,
,H720,I441,
,H728,I442,
,H729,I443,
,H741,I447,
,H808,I451,
,H810,I455,
,H811,I458,
,H812,I459,
,H813,I460,
,H814,I469,
,H818,I471,
,H819,I472,
,H82,I479,
,H838,I48,
,H901,I490,
,H903,I492,
,H931,I495,
,I010,I498,
,I011,I499,
,I050,I500,
,I051,I501,
,I052,I509,
,I059,I510,
,I060,I511,
,I069,I513,
,I080,I517,
,I081,I518,
,I091,I528,
,I10,I600,
,I110,I601,
,I119,I602,
,I120,I603,
,I129,I604,
,I131,I605,
,I132,I607,
,I150,I608,
,I151,I609,
,I158,I610,
,I159,I611,
,I200,I612,
,I200+0,I613,
,I201,I614,
,I208,I615,
,I209,I616,
,I210,I618,
,I2100,I619,
,I21000,I620,
,I2108,I621,
,I211,I629,
,I2110,I630,
,I21100,I631,
,I2118,I632,
,I212,I633,
,I2120,I634,
,I21200,I635,
,I2128,I638,
,I213,I639,
,I2130,I64,
,I2138,I650,
,I214,I651,
,I2140,I652,
,I21400,I653,
,I2148,I658,
,I219,I659,
,I2190,I660,
,I21900,I662,
,I2198,I663,
,I220,I668,
,I221,I670,
,I2218,I671,
,I228,I672,
,I229,I673,
,I232,I674,
,I233,I677,
,I235,I678,
,I236,I680,
,I238,I690,
,I240,I691,
,I241,I692,
,I248,I693,
,I249,I694,
,I250,I698,
,I251,I700,
,I252,I701,
,I253,I702,
,I254,I708,
,I255,I709,
,I256,I710,
,I258,I711,
,I259,I712,
,I260,I713,
,I269,I714,
,I270,I715,
,I278,I716,
,I279,I718,
,I300,I719,
,I301,I720,
,I308,I722,
,I309,I723,
,I311,I724,
,I312,I728,
,I313,I729,
,I319,I730,
,I328,I731,
,I330,I738,
,I339,I739,
,I340,I740,
,I341,I741,
,I342,I742,
,I350,I743,
,I351,I744,
,I352,I745,
,I358,I748,
,I361,I770,
,I38,I771,
,I390,I772,
,I393,I775,
,I398,I776,
,I400,I778,
,I409,I780,
,I412,I790,
,I420,I792,
,I421,I798,
,I422,I800,
,I424,I801,
,I426,I802,
,I427,I803,
,I428,I808,
,I429,I809,
,I431,I81,
,I438,I820,
,I440,I822,
,I441,I828,
,I442,I830,
,I443,I831,
,I447,I832,
,I450,I839,
,I453,I840,
,I455,I841,
,I456,I842,
,I458,I846,
,I459,I848,
,I460,I849,
,I461,I850,
,I469,I859,
,I471,I868,
,I472,I870,
,I479,I871,
,I48,I872,
,I490,I880,
,I493,I890,
,I494,I898,
,I495,I950,
,I498,I951,
,I499,I952,
,I500,I958,
,I501,I959,
,I509,I970,
,I510,I980,
,I511,I982,
,I513,I9820,
,I514,J09,
,I517,J101,
,I518,J110,
,I600,J111,
,I601,J118,
,I602,J128,
,I603,J129,
,I607,J13,
,I608,J150,
,I609,J151,
,I610,J152,
,I611,J153,
,I612,J154,
,I614,J155,
,I615,J156,
,I616,J157,
,I618,J158,
,I619,J159,
,I620,J160,
,I621,J168,
,I629,J172,
,I630,J178,
,I631,J180,
,I632,J181,
,I633,J182,
,I634,J188,
,I635,J189,
,I638,J202,
,I639,J208,
,I64,J209,
,I650,J301,
,I652,J303,
,I653,J304,
,I658,J310,
,I660,J311,
,I663,J322,
,I669,J348,
,I671,J350,
,I672,J36,
,I673,J380,
,I674,J392,
,I678,J398,
,I691,J40,
,I692,J410,
,I693,J411,
,I694,J418,
,I698,J42,
,I700,J430,
,I702,J431,
,I708,J432,
,I709,J438,
,I710,J439,
,I711,J440,
,I712,J441,
,I713,J448,
,I714,J449,
,I716,J450,
,I719,J451,
,I720,J458,
,I721,J459,
,I722,J46,
,I723,J47,
,I724,J60,
,I728,J61,
,I729,J628,
,I730,J634,
,I731,J635,
,I738,J684,
,I739,J690,
,I740,J698,
,I741,J701,
,I742,J702,
,I743,J703,
,I744,J704,
,I745,J80,
,I748,J81,
,I770,J82,
,I771,J840,
,I772,J841,
,I773,J848,
,I775,J849,
,I776,J851,
,I778,J852,
,I790,J860,
,I792,J869,
,I800,J90,
,I801,J91,
,I802,J920,
,I803,J930,
,I808,J931,
,I809,J939,
,I81,J942,
,I822,J948,
,I828,J950,
,I830,J953,
,I831,J954,
,I832,J960,
,I839,J961,
,I841,J961+0,
,I842,J961+1,
,I844,J969,
,I848,J980,
,I849,J982,
,I850,J984,
,I859,J985,
,I868,J986,
,I870,J9860,
,I871,J988,
,I872,J991,
,I878,K028,
,I890,K029,
,I891,K048,
,I898,K070,
,I950,K088,
,I951,K102,
,I952,K103,
,I958,K112,
,I959,K113,
,I970,K115,
,I971,K117,
,I972,K20,
,I978,K210,
,I982,K219,
,I9820,K220,
,I9829,K221,
,J00,K222,
,J010,K225,
,J014,K250,
,J019,K251,
,J029,K252,
,J041,K253,
,J069,K254,
,J110,K255,
,J111,K256,
,J128,K257,
,J129,K259,
,J13,K260,
,J14,K261,
,J150,K264,
,J151,K265,
,J152,K266,
,J153,K267,
,J154,K269,
,J155,K270,
,J156,K272,
,J157,K274,
,J158,K275,
,J159,K276,
,J160,K280,
,J168,K282,
,J170,K290,
,J171,K291,
,J173,K294,
,J178,K295,
,J180,K296,
,J181,K297,
,J182,K30,
,J188,K311,
,J189,K316,
,J200,K318,
,J201,K350,
,J202,K351,
,J203,K359,
,J204,K37,
,J207,K381,
,J208,K402,
,J209,K403,
,J218,K404,
,J219,K409,
,J300,K412,
,J301,K413,
,J303,K420,
,J304,K421,
,J311,K429,
,J320,K430,
,J324,K431,
,J329,K439,
,J330,K449,
,J36,K450,
,J380,K451,
,J381,K458,
,J398,K460,
,J40,K469,
,J410,K500,
,J411,K501,
,J418,K508,
,J42,K509,
,J430,K510,
,J431,K513,
,J432,K519,
,J438,K520,
,J439,K521,
,J440,K522,
,J441,K528,
,J448,K529,
,J449,K550,
,J450,K552,
,J451,K558,
,J458,K559,
,J459,K560,
,J46,K561,
,J47,K562,
,J61,K563,
,J628,K564,
,J64,K565,
,J680,K566,
,J683,K570,
,J690,K571,
,J698,K572,
,J702,K573,
,J703,K574,
,J704,K575,
,J709,K578,
,J80,K579,
,J81,K580,
,J840,K589,
,J841,K590,
,J848,K591,
,J849,K593,
,J851,K598,
,J852,K600,
,J853,K603,
,J860,K604,
,J869,K610,
,J90,K621,
,J91,K622,
,J920,K623,
,J930,K624,
,J931,K625,
,J938,K626,
,J939,K627,
,J940,K628,
,J942,K630,
,J948,K631,
,J951,K632,
,J952,K635,
,J953,K638,
,J954,K650,
,J958,K658,
,J960,K659,
,J961,K660,
,J961+0,K661,
,J961+1,K700,
,J969,K701,
,J980,K702,
,J981,K703,
,J984,K704,
,J985,K710,
,J986,K712,
,J9860,K716,
,J988,K717,
,J991,K720,
,K028,K721,
,K041,K729,
,K046,K732,
,K047,K741,
,K048,K742,
,K053,K743,
,K081,K745,
,K088,K746,
,K100,K750,
,K102,K752,
,K112,K760,
,K113,K768,
,K115,K770,
,K122,K800,
,K20,K801,
,K210,K802,
,K219,K803,
,K220,K804,
,K221,K805,
,K222,K808,
,K223,K810,
,K224,K811,
,K225,K818,
,K226,K819,
,K228,K820,
,K238,K821,
,K250,K823,
,K251,K824,
,K252,K828,
,K253,K830,
,K254,K831,
,K255,K832,
,K257,K835,
,K259,K838,
,K260,K850,
,K261,K851,
,K262,K852,
,K264,K858,
,K265,K859,
,K269,K860,
,K270,K861,
,K272,K862,
,K274,K863,
,K275,K868,
,K284,K8708,
,K290,K900,
,K291,K904,
,K292,K911,
,K293,K912,
,K295,K913,
,K296,K914,
,K297,K915,
,K298,K918,
,K299,K920,
,K311,K921,
,K315,K922,
,K350,K928,
,K351,K93828,
,K359,L022,
,K37,L024,
,K388,L028,
,K400,L029,
,K402,L030,
,K403,L031,
,K404,L059,
,K409,L080,
,K410,L088,
,K413,L089,
,K414,L102,
,K419,L120,
,K420,L14,
,K421,L208,
,K429,L209,
,K430,L270,
,K431,L303,
,K439,L308,
,K440,L400,
,K441,L405,
,K449,L409,
,K450,L500,
,K458,L508,
,K460,L509,
,K469,L52,
,K500,L539,
,K501,L599,
,K509,L702,
,K511,L720,
,K512,L88,
,K513,L89,
,K515,L900,
,K518,L905,
,K519,L908,
,K520,L910,
,K521,L930,
,K528,L958,
,K529,L959,
,K550,L97,
,K551,L984,
,K552,L986,
,K558,L988,
,K559,M000,
,K560,M0001,
,K561,M0003,
,K562,M0005,
,K563,M0006,
,K564,M008,
,K565,M0086,
,K566,M009,
,K567,M0095,
,K570,M0096,
,K571,M0097,
,K572,M0201,
,K573,M0296,
,K574,M050,
,K575,M0501,
,K578,M052,
,K579,M053,
,K580,M0530,
,K589,M0531,
,K590,M058,
,K591,M0580,
,K592,M059,
,K598,M0590,
,K599,M0591,
,K602,M0596,
,K603,M060,
,K604,M0600,
,K610,M0602,
,K611,M0607,
,K612,M064,
,K621,M0640,
,K622,M068,
,K623,M0680,
,K624,M0686,
,K625,M0689,
,K626,M069,
,K627,M0690,
,K628,M0691,
,K630,M0692,
,K631,M0693,
,K632,M0695,
,K633,M0696,
,K635,M0697,
,K638,M0699,
,K650,M0736,
,K658,M080,
,K659,M0807,
,K661,M0810,
,K668,M0815,
,K700,M0880,
,K701,M100,
,K702,M1000,
,K703,M1002,
,K704,M1006,
,K709,M1007,
,K710,M1009,
,K711,M103,
,K712,M1037,
,K716,M109,
,K720,M1097,
,K721,M1106,
,K729,M111,
,K743,M112,
,K744,M1126,
,K745,M1199,
,K746,M120,
,K750,M1202,
,K752,M122,
,K759,M1226,
,K760,M1257,
,K764,M128,
,K766,M1281,
,K767,M1309,
,K768,M131,
,K770,M1311,
,K800,M1315,
,K801,M1316,
,K802,M138,
,K803,M1386,
,K804,M1387,
,K805,M139,
,K808,M1396,
,K810,M145,
,K811,M146,
,K818,M148,
,K819,M150,
,K821,M151,
,K822,M153,
,K823,M154,
,K830,M158,
,K831,M159,
,K832,M160,
,K833,M161,
,K838,M162,
,K850,M163,
,K851,M164,
,K852,M165,
,K853,M166,
,K858,M167,
,K859,M169,
,K860,M170,
,K861,M171,
,K862,M172,
,K863,M173,
,K868,M174,
,K900,M175,
,K903,M179,
,K904,M180,
,K910,M181,
,K911,M189,
,K912,M190,
,K913,M1901,
,K914,M1905,
,K915,M1907,
,K918,M1908,
,K920,M191,
,K921,M1911,
,K922,M1914,
,K928,M1915,
,K9380,M1917,
,L011,M1918,
,L021,M192,
,L022,M1921,
,L023,M1922,
,L024,M1925,
,L028,M1927,
,L029,M198,
,L030,M1981,
,L031,M1985,
,L039,M1987,
,L080,M1988,
,L088,M1989,
,L089,M199,
,L109,M1991,
,L120,M1992,
,L208,M1994,
,L209,M1995,
,L211,M1997,
,L248,M1998,
,L270,M1999,
,L272,M200,
,L280,M201,
,L292,M202,
,L298,M203,
,L303,M204,
,L308,M205,
,L309,M206,
,L400,M210,
,L401,M2106,
,L408,M2107,
,L409,M211,
,L500,M2115,
,L509,M2116,
,L5129,M2117,
,L538,M2122,
,L539,M215,
,L581,M2157,
,L589,M216,
,L598,M2167,
,L720,M217,
,L83,M2175,
,L858,M2176,
,L89,M2177,
,L905,M218,
,L910,M2180,
,L930,M2185,
,L940,M2186,
,L948,M219,
,L958,M220,
,L97,M221,
,L982,M222,
,L984,M223,
,L986,M224,
,L988,M228,
,L998,M229,
,M000,M232,
,M0001,M2320,
,M0005,M2322,
,M0006,M2323,
,M0007,M2325,
,M0016,M2326,
,M008,M2329,
,M0082,M233,
,M0085,M2335,
,M0086,M2349,
,M009,M235,
,M0091,M2350,
,M0095,M2351,
,M0096,M2359,
,M0098,M236,
,M011,M2361,
,M013,M2362,
,M0133,M2369,
,M021,M238,
,M0286,M2381,
,M0326,M2382,
,M050,M2389,
,M052,M239,
,M0529,M2399,
,M0530,M2407,
,M0536,M2411,
,M0538,M2415,
,M058,M2416,
,M0580,M242,
,M059,M2421,
,M0590,M2427,
,M0598,M2431,
,M0609,M2432,
,M062,M2435,
,M064,M2436,
,M0640,M244,
,M0648,M2441,
,M068,M2445,
,M069,M245,
,M0690,M2452,
,M0694,M2455,
,M0699,M2456,
,M073,M2459,
,M0730,M246,
,M082,M2466,
,M083,M2467,
,M100,M2485,
,M1000,M250,
,M1003,M2506,
,M1006,M2516,
,M1007,M2520,
,M109,M253,
,M1090,M2531,
,M1094,M2532,
,M1099,M2535,
,M1113,M2536,
,M112,M2537,
,M1123,M254,
,M1126,M2546,
,M1129,M255,
,M1180,M2550,
,M119,M2551,
,M1192,M2555,
,M1196,M2556,
,M1246,M2557,
,M130,M2558,
,M1300,M2559,
,M1309,M256,
,M131,M2560,
,M1312,M2561,
,M1315,M2562,
,M1317,M2563,
,M138,M2564,
,M1380,M2566,
,M1384,M257,
,M1386,M2575,
,M1387,M2585,
,M139,M2588,
,M1393,M300,
,M1396,M301,
,M148,M313,
,M150,M315,
,M153,M316,
,M154,M317,
,M158,M318,
,M159,M319,
,M160,M321,
,M161,M329,
,M162,M331,
,M163,M332,
,M165,M340,
,M166,M341,
,M167,M348,
,M169,M349,
,M170,M350,
,M171,M352,
,M173,M353,
,M174,M359,
,M175,M362,
,M179,M400,
,M180,M4005,
,M181,M4006,
,M189,M401,
,M190,M402,
,M1904,M4024,
,M1907,M4025,
,M1908,M4027,
,M1909,M4040,
,M191,M410,
,M1912,M4103,
,M1915,M4104,
,M1917,M4105,
,M1921,M4106,
,M1925,M4107,
,M198,M411,
,M1981,M4110,
,M1985,M4115,
,M1987,M4116,
,M199,M412,
,M1991,M4120,
,M1997,M4125,
,M201,M4126,
,M202,M413,
,M203,M4133,
,M205,M4134,
,M206,M4136,
,M2106,M414,
,M211,M4145,
,M2116,M415,
,M2117,M4150,
,M2125,M4154,
,M215,M4155,
,M2157,M4156,
,M216,M418,
,M2167,M4180,
,M217,M4186,
,M218,M419,
,M2182,M4190,
,M2194,M4194,
,M220,M4195,
,M221,M4196,
,M222,M4197,
,M223,M420,
,M224,M4206,
,M228,M430,
,M229,M4306,
,M230,M4307,
,M231,M431,
,M232,M4310,
,M2321,M4311,
,M2322,M4312,
,M2323,M4313,
,M2326,M4314,
,M2329,M4315,
,M233,M4316,
,M2330,M4317,
,M2331,M432,
,M2336,M4362,
,M2339,M438,
,M235,M4386,
,M2351,M45,
,M236,M45+0,
,M2360,M45+9,
,M2361,M4624,
,M238,M463,
,M2389,M4635,
,M239,M4636,
,M2392,M4639,
,M2393,M465,
,M2399,M4650,
,M241,M4659,
,M242,M470,
,M2427,M4705,
,M2431,M4706,
,M2432,M471,
,M2433,M4711,
,M2435,M4712,
,M244,M4714,
,M2440,M4716,
,M2441,M472,
,M245,M4720,
,M2450,M4721,
,M2452,M4722,
,M2456,M4725,
,M2457,M4726,
,M2459,M4727,
,M246,M4728,
,M2460,M478,
,M2461,M4780,
,M2462,M4782,
,M2465,M4783,
,M2466,M4784,
,M2467,M4785,
,M2475,M4786,
,M250,M4787,
,M2501,M4788,
,M2502,M479,
,M2506,M4790,
,M252,M4792,
,M2536,M4795,
,M2537,M4796,
,M254,M4797,
,M2541,M480,
,M2546,M4800,
,M255,M4802,
,M2550,M4804,
,M2551,M4805,
,M2552,M4806,
,M2553,M4807,
,M2554,M4808,
,M2555,M4809,
,M2556,M481,
,M2557,M4812,
,M2558,M482,
,M2559,M4820,
,M256,M4822,
,M2560,M4826,
,M2561,M4829,
,M2562,M484,
,M2563,M4846,
,M2564,M485,
,M2565,M4850,
,M2566,M4854,
,M2567,M4855,
,M2577,M4856,
,M2578,M4857,
,M258,M4859,
,M300,M4886,
,M313,M4887,
,M315,M4889,
,M316,M4895,
,M319,M4904,
,M320,M4923,
,M321,M4926,
,M329,M495,
,M331,M4950,
,M332,M4952,
,M341,M4954,
,M349,M4955,
,M350,M498,
,M352,M500,
,M353,M501,
,M354,M502,
,M400,M508,
,M4004,M509,
,M401,M510,
,M4010,M511,
,M4014,M512,
,M4015,M513,
,M4019,M518,
,M402,M519,
,M4025,M531,
,M410,M5312,
,M4100,M532,
,M4104,M5321,
,M411,M5326,
,M4110,M5327,
,M4114,M5384,
,M4115,M5387,
,M4116,M541,
,M4119,M5412,
,M412,M5414,
,M4120,M5416,
,M4123,M5417,
,M4124,M542,
,M4125,M5420,
,M4126,M5422,
,M4127,M543,
,M413,M5430,
,M4130,M5436,
,M4134,M5437,
,M414,M5438,
,M4140,M5439,
,M4144,M544,
,M4145,M5440,
,M415,M5446,
,M4155,M5447,
,M4156,M545,
,M418,M5450,
,M4186,M5456,
,M4189,M5457,
,M419,M5458,
,M4193,M5459,
,M4199,M546,
,M420,M5464,
,M431,M5466,
,M4316,M5469,
,M4317,M5485,
,M438,M5489,
,M45,M549,
,M45+0,M6089,
,M45+5,M610,
,M45+9,M6122,
,M4622,M621,
,M463,M6211,
,M4634,M6215,
,M4636,M622,
,M464,M6225,
,M4644,M6227,
,M465,M6245,
,M4654,M625,
,M4656,M6250,
,M4657,M6255,
,M4659,M6256,
,M4684,M6258,
,M471,M628,
,M4712,M6280,
,M4716,M6282,
,M472,M6283,
,M4720,M6286,
,M4725,M62890,
,M4726,M62898,
,M4727,M6527,
,M478,M653,
,M4780,M658,
,M4782,M6584,
,M4784,M6587,
,M4785,M6593,
,M4786,M6597,
,M479,M660,
,M4790,M6611,
,M4794,M662,
,M4798,M6625,
,M480,M6626,
,M4800,M664,
,M4802,M6646,
,M4803,M665,
,M4804,M670,
,M4805,M674,
,M4806,M7032,
,M4807,M706,
,M482,M7105,
,M4822,M711,
,M4825,M7120,
,M4826,M7126,
,M484,M713,
,M4844,M7138,
,M4846,M7155,
,M4847,M720,
,M485,M7204,
,M4850,M722,
,M4853,M7266,
,M4854,M750,
,M4855,M751,
,M4856,M752,
,M4857,M753,
,M4859,M754,
,M489,M755,
,M490,M758,
,M4904,M759,
,M493,M760,
,M4932,M7600,
,M4936,M765,
,M495,M7650,
,M4950,M766,
,M4952,M7660,
,M4954,M7680,
,M4955,M779,
,M4956,M790,
,M4957,M7900,
,M4958,M7901,
,M4959,M7909,
,M501,M791,
,M502,M792,
,M509,M7923,
,M510,M7925,
,M511,M7938,
,M512,M7957,
,M513,M796,
,M518,M7961,
,M519,M7965,
,M531,M7966,
,M5310,M797,
,M5312,M800,
,M5319,M8000,
,M5326,M8002,
,M533,M8005,
,M538,M8008,
,M5390,M801,
,M5396,M8010,
,M541,M802,
,M5410,M8025,
,M5412,M8029,
,M5413,M804,
,M5414,M8040,
,M5416,M8045,
,M5417,M8046,
,M542,M8048,
,M5420,M805,
,M5422,M8050,
,M5423,M8055,
,M5429,M808,
,M543,M8085,
,M5430,M8086,
,M5436,M8088,
,M5437,M8089,
,M5439,M809,
,M544,M8090,
,M5440,M8095,
,M5446,M8096,
,M5447,M8098,
,M5449,M810,
,M545,M8100,
,M5450,M8103,
,M5456,M8106,
,M5457,M8107,
,M5458,M8108,
,M5459,M8109,
,M546,M8129,
,M5460,M814,
,M5464,M8140,
,M5465,M8149,
,M5466,M815,
,M5467,M8150,
,M5469,M8155,
,M548,M818,
,M5480,M8180,
,M5482,M8182,
,M5484,M8184,
,M5485,M8188,
,M5486,M819,
,M5487,M8190,
,M5488,M8192,
,M5489,M8194,
,M549,M8199,
,M5499,M8210,
,M600,M828,
,M608,M830,
,M6115,M8389,
,M6131,M840,
,M6132,M8401,
,M6135,M8402,
,M6215,M8403,
,M6216,M8405,
,M622,M8406,
,M623,M8407,
,M6232,M841,
,M6235,M8410,
,M624,M8411,
,M6240,M8412,
,M625,M8413,
,M6250,M8414,
,M6251,M8415,
,M6252,M8416,
,M6253,M8417,
,M6255,M8418,
,M6256,M842,
,M6257,M8425,
,M6258,M8426,
,M6259,M8429,
,M628,M844,
,M6280,M8442,
,M6285,M8445,
,M6288,M8446,
,M6289,M8447,
,M62890,M8448,
,M651,M8536,
,M6525,M8537,
,M653,M8538,
,M6534,M856,
,M6580,M8568,
,M6581,M8607,
,M6586,M8615,
,M6587,M8616,
,M6588,M8617,
,M6596,M8627,
,M6597,M8630,
,M660,M8635,
,M6606,M8647,
,M6614,M866,
,M662,M8665,
,M663,M8666,
,M664,M869,
,M6647,M8695,
,M665,M8696,
,M670,M8697,
,M671,M8698,
,M674,M870,
,M678,M8700,
,M700,M8701,
,M703,M8705,
,M7032,M8706,
,M705,M8707,
,M706,M871,
,M7065,M8715,
,M707,M872,
,M7103,M8721,
,M712,M8725,
,M7126,M8726,
,M713,M8727,
,M7157,M8728,
,M7158,M873,
,M720,M8730,
,M7204,M8731,
,M722,M8732,
,M7227,M8735,
,M726,M8738,
,M750,M878,
,M751,M8780,
,M752,M8781,
,M753,M8785,
,M754,M8786,
,M758,M879,
,M759,M8790,
,M760,M8791,
,M7605,M8792,
,M7615,M8795,
,M7650,M8796,
,M7656,M8800,
,M766,M888,
,M7660,M889,
,M7676,M8890,
,M768,M890,
,M7680,M8900,
,M7697,M8901,
,M771,M8903,
,M773,M8904,
,M774,M8905,
,M775,M8906,
,M778,M8907,
,M779,M8947,
,M7799,M8955,
,M790,M8957,
,M7900,M898,
,M7905,M8980,
,M7908,M8981,
,M7909,M900,
,M791,M9000,
,M7910,M9016,
,M7916,M9040,
,M7919,M9055,
,M792,M907,
,M7922,M9074,
,M7925,M9075,
,M7926,M9076,
,M793,M911,
,M796,M9110,
,M7960,M9115,
,M7961,M9180,
,M7962,M924,
,M7964,M925,
,M7965,M926,
,M7966,M928,
,M7967,M930,
,M7969,M932,
,M797,M938,
,M7981,M939,
,M7987,M9436,
,M800,M9486,
,M8000,M953,
,M8005,M954,
,M8008,M958,
,M8009,M960,
,M8015,M961,
,M8018,M964,
,M8028,M966,
,M804,M968,
,M8047,M9903,
,M8048,M992,
,M805,M9923,
,M8050,M993,
,M8058,M9930,
,M808,M9931,
,M8087,M9932,
,M8088,M9933,
,M809,M994,
,M8090,M9943,
,M8095,M995,
,M8096,M9950,
,M8098,M9951,
,M8100,M9952,
,M814,M9953,
,M8180,M996,
,M819,M997,
,M8190,M9973,
,M8198,M9983,
,M8208,M9986,
,M831,M9987,
,M8402,N0179,
,M8403,N028,
,M8404,N029,
,M8405,N049,
,M8406,N080,
,M8407,N083,
,M841,N084,
,M8411,N085,
,M8412,N10,
,M8415,N110,
,M8416,N111,
,M8417,N118,
,M8418,N119,
,M842,N12,
,M8420,N130,
,M8422,N131,
,M8426,N132,
,M8437,N133,
,M8445,N134,
,M8447,N135,
,M8448,N136,
,M8500,N137,
,M8508,N151,
,M8533,N158,
,M8535,N159,
,M8536,N170,
,M8537,N178,
,M8538,N179,
,M8547,N180,
,M856,N188,
,M8607,N189,
,M861,N19,
,M8613,N200,
,M8617,N201,
,M862,N202,
,M8637,N209,
,M864,N210,
,M866,N23,
,M8665,N251,
,M869,N259,
,M8695,N280,
,M8696,N281,
,M8697,N288,
,M8699,N298,
,M8700,N300,
,M8702,N301,
,M8706,N304,
,M8707,N308,
,M8715,N309,
,M8737,N310,
,M8738,N312,
,M8785,N318,
,M8786,N319,
,M879,N321,
,M8795,N322,
,M8796,N358,
,M8798,N359,
,M8800,N360,
,M889,N363,
,M8890,N378,
,M890,N390,
,M8900,N391,
,M8901,N393,
,M8902,N394,
,M8903,N398,
,M8904,N40,
,M8905,N410,
,M8906,N411,
,M8907,N412,
,M8908,N419,
,M8909,N430,
,M894,N432,
,M895,N433,
,M898,N450,
,M8980,N459,
,M901,N508,
,M9016,N61,
,M9044,N62,
,M9055,N641,
,M9058,N700,
,M9060,N701,
,M907,N709,
,M9075,N711,
,M911,N719,
,M925,N72,
,M930,N758,
,M938,N762,
,M939,N800,
,M9430,N801,
,M9486,N809,
,M953,N810,
,M954,N811,
,M958,N812,
,M960,N813,
,M961,N814,
,M966,N816,
,M968,N818,
,M9907,N819,
,M9923,N820,
,M993,N822,
,M9933,N823,
,M994,N824,
,M995,N832,
,M9950,N833,
,M9952,N835,
,M9953,N837,
,M9992,N838,
,N008,N841,
,N028,N850,
,N029,N851,
,N046,N852,
,N049,N858,
,N083,N898,
,N10,N921,
,N110,N938,
,N111,N939,
,N118,N998,
,N12,O349,
,N130,O670,
,N131,O682,
,N132,O720,
,N133,O743,
,N135,O993,
,N136,P002,
,N151,P041,
,N158,P043,
,N160,P044,
,N170,P059,
,N171,P070,
,N178,P071,
,N179,P072,
,N180,P073,
,N188,P111,
,N189,P143,
,N19,P209,
,N200,P210,
,N201,P219,
,N202,P271,
,N209,P280,
,N210,P350,
,N23,P351,
,N26,P371,
,N280,P523,
,N281,P529,
,N288,P578,
,N300,P910,
,N302,P912,
,N304,P916,
,N308,P919,
,N309,Q02,
,N310,Q038,
,N311,Q040,
,N312,Q043,
,N318,Q046,
,N319,Q049,
,N320,Q051,
,N321,Q052,
,N323,Q054,
,N324,Q056,
,N328,Q057,
,N340,Q058,
,N358,Q059,
,N359,Q064,
,N363,Q068,
,N368,Q070,
,N390,Q120,
,N393,Q150,
,N394,Q188,
,N398,Q204,
,N40,Q208,
,N410,Q209,
,N411,Q210,
,N413,Q211,
,N419,Q212,
,N428,Q213,
,N432,Q225,
,N433,Q230,
,N450,Q231,
,N459,Q232,
,N47,Q238,
,N484,Q248,
,N501,Q249,
,N508,Q251,
,N608,Q254,
,N61,Q256,
,N62,Q273,
,N641,Q278,
,N700,Q282,
,N701,Q283,
,N709,Q288,
,N732,Q311,
,N736,Q320,
,N738,Q324,
,N760,Q332,
,N800,Q334,
,N803,Q336,
,N809,Q391,
,N810,Q396,
,N811,Q398,
,N812,Q401,
,N813,Q418,
,N814,Q428,
,N815,Q429,
,N816,Q430,
,N818,Q431,
,N819,Q438,
,N820,Q513,
,N823,Q613,
,N824,Q614,
,N832,Q650,
,N835,Q651,
,N848,Q652,
,N850,Q654,
,N872,Q656,
,N921,Q658,
,N924,Q659,
,N938,Q660,
,N939,Q665,
,N950,Q667,
,N990,Q668,
,N991,Q682,
,N994,Q685,
,O249,Q688,
,O471,Q712,
,O902,Q720,
,O995,Q724,
,P219,Q726,
,P235,Q728,
,P271,Q729,
,P579,Q730,
,P922,Q738,
,P93,Q741,
,P942,Q742,
,Q000,Q743,
,Q02,Q748,
,Q049,Q755,
,Q057,Q758,
,Q059,Q762,
,Q120,Q763,
,Q203,Q764,
,Q204,Q768,
,Q210,Q780,
,Q211,Q782,
,Q246,Q786,
,Q249,Q796,
,Q251,Q798,
,Q282,Q822,
,Q300,Q828,
,Q320,Q850,
,Q374,Q851,
,Q391,Q860,
,Q401,Q870,
,Q411,Q871,
,Q419,Q872,
,Q423,Q873,
,Q428,Q874,
,Q432,Q878,
,Q438,Q893,
,Q621,Q897,
,Q639,Q901,
,Q650,Q909,
,Q651,Q913,
,Q662,Q928,
,Q668,Q929,
,Q710,Q933,
,Q712,Q935,
,Q713,Q969,
,Q716,Q998,
,Q718,Q999,
,Q722,S001,
,Q725,S010,
,Q742,S015,
,Q743,S018,
,Q777,S0200,
,Q780,S021,
,Q819,S0210,
,Q828,S022,
,Q858,S023,
,Q860,S0230,
,Q871,S0231,
,Q874,S024,
,Q897,S0240,
,Q901,S026,
,Q902,S0260,
,Q909,S027,
,Q928,S0271,
,Q999,S0280,
,R000,S048,
,R001,S056,
,R002,S058,
,R008,S060,
,R02,S0600,
,R030,S0601,
,R031,S061,
,R040,S0611,
,R042,S062,
,R048,S0620,
,R05,S063,
,R060,S0630,
,R063,S0631,
,R064,S064,
,R066,S065,
,R068,S0650,
,R070,S066,
,R071,S0660,
,R072,S067,
,R073,S0670,
,R074,S0671,
,R090,S068,
,R091,S0680,
,R092,S0681,
,R098,S069,
,R100,S0690,
,R101,S0691,
,R102,S070,
,R103,S098,
,R104,S120,
,R11,S121,
,R13,S1210,
,R14,S122,
,R15,S1220,
,R161,S127,
,R162,S1270,
,R17,S129,
,R18,S1290,
,R190,S131,
,R194,S134,
,R195,S140,
,R200,S141,
,R202,S142,
,R21,S143,
,R230,S197,
,R233,S200,
,R251,S202,
,R258,S207,
,R260,S211,
,R261,S217,
,R262,S220,
,R268,S2200,
,R2680,S221,
,R270,S2210,
,R278,S222,
,R290,S2220,
,R291,S223,
,R293,S2230,
,R296,S224,
,R298,S2240,
,R300,S225,
,R309,S2250,
,R31,S2280,
,R32,S231,
,R33,S241,
,R34,S242,
,R391,S270,
,R392,S271,
,R398,S2710,
,R400,S2711,
,R401,S272,
,R402,S2720,
,R410,S274,
,R411,S275,
,R413,S277,
,R418,S2781,
,R42,S280,
,R440,S297,
,R441,S298,
,R442,S300,
,R443,S301,
,R450,S320,
,R451,S3200,
,R452,S321,
,R453,S3210,
,R454,S322,
,R457,S3220,
,R460,S323,
,R462,S3230,
,R464,S324,
,R468,S3240,
,R470,S325,
,R4700,S3250,
,R4702,S327,
,R4703,S3270,
,R471,S3271,
,R478,S328,
,R480,S3280,
,R482,S330,
,R488,S331,
,R490,S334,
,R502,S341,
,R508,S342,
,R509,S343,
,R51,S360,
,R520,S361,
,R521,S364,
,R522,S3640,
,R529,S365,
,R53,S3650,
,R53+0,S370,
,R53+1,S3700,
,R53+2,S372,
,R54,S390,
,R54+0,S398,
,R54+8,S400,
,R55,S411,
,R568,S417,
,R570,S420,
,R571,S4200,
,R578,S4201,
,R579,S421,
,R58,S4210,
,R590,S422,
,R600,S4220,
,R601,S4221,
,R609,S423,
,R628,S4230,
,R629,S4231,
,R630,S424,
,R632,S4240,
,R633,S4241,
,R634,S427,
,R635,S4270,
,R64,S428,
,R688,S4280,
,R700,S429,
,R772,S4290,
,R824,S430,
,R91,S431,
,R938,S432,
,R960,S434,
,R961,S442,
,R99,S447,
,S001,S450,
,S002,S451,
,S004,S460,
,S007,S461,
,S008,S462,
,S010,S467,
,S011,S468,
,S012,S469,
,S017,S47+0,
,S018,S481,
,S020,S497,
,S021,S500,
,S0210,S507,
,S022,S517,
,S0220,S520,
,S023,S5200,
,S0230,S5201,
,S024,S521,
,S0240,S5210,
,S026,S5211,
,S027,S522,
,S028,S5220,
,S0280,S523,
,S051,S5230,
,S052,S5231,
,S056,S524,
,S057,S5240,
,S058,S5241,
,S059,S525,
,S060,S5250,
,S0600,S526,
,S0601,S5260,
,S061,S5261,
,S062,S527,
,S0620,S5270,
,S063,S5271,
,S0630,S528,
,S0631,S5280,
,S064,S529,
,S0640,S5290,
,S065,S531,
,S0650,S540,
,S0651,S541,
,S066,S548,
,S0660,S564,
,S067,S567,
,S0670,S570,
,S0671,S580,
,S068,S598,
,S0680,S609,
,S0681,S610,
,S069,S618,
,S0690,S620,
,S080,S6200,
,S090,S621,
,S097,S6210,
,S098,S622,
,S109,S6230,
,S120,S6231,
,S1200,S624,
,S121,S627,
,S1210,S6270,
,S122,S6271,
,S1220,S628,
,S127,S6280,
,S1270,S6281,
,S129,S630,
,S1290,S631,
,S131,S633,
,S134,S640,
,S141,S641,
,S143,S660,
,S145,S661,
,S150,S663,
,S202,S666,
,S204,S668,
,S207,S670,
,S208,S678,
,S210,S681,
,S218,S697,
,S220,S698,
,S2200,S700,
,S221,S701,
,S2210,S710,
,S222,S711,
,S2220,S720,
,S223,S7200,
,S2230,S7201,
,S224,S721,
,S2240,S7210,
,S225,S722,
,S2250,S7220,
,S228,S7221,
,S234,S723,
,S241,S7230,
,S270,S7231,
,S2700,S724,
,S271,S7240,
,S2710,S7241,
,S272,S727,
,S2720,S7270,
,S2721,S7271,
,S278,S728,
,S297,S7280,
,S298,S729,
,S300,S7290,
,S301,S7291,
,S302,S730,
,S307,S740,
,S310,S741,
,S311,S757,
,S320,S758,
,S3200,S759,
,S321,S761,
,S3210,S762,
,S322,S763,
,S3220,S764,
,S323,S771,
,S3230,S781,
,S324,S789,
,S3240,S797,
,S325,S798,
,S3250,S800,
,S327,S801,
,S3270,S809,
,S3271,S810,
,S328,S817,
,S3280,S818,
,S3281,S819,
,S331,S820,
,S332,S8200,
,S334,S8201,
,S335,S821,
,S336,S8210,
,S341,S8211,
,S342,S822,
,S343,S8220,
,S346,S8221,
,S359,S823,
,S360,S8230,
,S3600,S8231,
,S3611,S824,
,S363,S8240,
,S3640,S825,
,S370,S8250,
,S371,S8251,
,S376,S826,
,S382,S8260,
,S390,S8261,
,S397,S827,
,S398,S8270,
,S400,S8271,
,S409,S828,
,S411,S8280,
,S417,S8281,
,S418,S829,
,S420,S8290,
,S4200,S8291,
,S421,S830,
,S4210,S831,
,S422,S832,
,S4220,S833,
,S4221,S834,
,S423,S835,
,S4230,S836,
,S4231,S837,
,S424,S841,
,S4240,S848,
,S4241,S850,
,S427,S858,
,S4270,S860,
,S428,S861,
,S4280,S862,
,S429,S867,
,S4290,S868,
,S4291,S869,
,S430,S870,
,S431,S878,
,S434,S880,
,S440,S881,
,S442,S889,
,S443,S897,
,S447,S898,
,S450,S900,
,S460,S903,
,S461,S909,
,S467,S910,
,S469,S911,
,S481,S913,
,S497,S917,
,S500,S920,
,S501,S9200,
,S517,S9201,
,S519,S921,
,S520,S9210,
,S5200,S9211,
,S5201,S9220,
,S521,S9221,
,S5210,S923,
,S522,S9230,
,S523,S9231,
,S5230,S9250,
,S524,S927,
,S5240,S9270,
,S5241,S9271,
,S525,S929,
,S5250,S9290,
,S5251,S930,
,S526,S932,
,S5260,S933,
,S5261,S934,
,S527,S935,
,S5270,S936,
,S528,S948,
,S5280,S950,
,S5281,S962,
,S529,S967,
,S5290,S971,
,S531,S978,
,S542,S980,
,S547,S981,
,S579,S983,
,S602,S984,
,S608,S997,
,S609,T003,
,S610,T006,
,S618,T022,
,S620,T0220,
,S6200,T0221,
,S621,T023,
,S6220,T0230,
,S6221,T0231,
,S6230,T024,
,S6241,T0240,
,S625,T0241,
,S6250,T025,
,S6251,T0250,
,S627,T0251,
,S6270,T026,
,S628,T0260,
,S6280,T0261,
,S6281,T056,
,S635,T062,
,S636,T065,
,S641,T068,
,S661,T08,
,S663,T08+0,
,S668,T093,
,S680,T094,
,S681,T10+0,
,S682,T113,
,S698,T116,
,S700,T12+0,
,S701,T12+1,
,S707,T130,
,S708,T135,
,S711,T172,
,S720,T178,
,S7200,T182,
,S7201,T189,
,S721,T200,
,S7210,T210,
,S722,T213,
,S7220,T223,
,S723,T233,
,S7230,T242,
,S724,T243,
,S7240,T247,
,S7270,T253,
,S728,T281,
,S7280,T286,
,S729,T293,
,S7290,T300,
,S730,T311,
,S740,T361,
,S748,T367,
,S751,T375,
,S758,T393,
,S759,T398,
,S760,T402,
,S761,T423,
,S762,T424,
,S763,T428,
,S780,T430,
,S781,T432,
,S789,T435,
,S797,T438,
,S798,T439,
,S800,T451,
,S801,T455,
,S807,T457,
,S810,T460,
,S817,T462,
,S818,T469,
,S819,T480,
,S820,T485,
,S8200,T508,
,S8201,T509,
,S821,T510,
,S8210,T58,
,S8211,T638,
,S822,T652,
,S8220,T66,
,S8221,T671,
,S823,T673,
,S8230,T71,
,S8231,T741,
,S824,T750,
,S8240,T751,
,S825,T754,
,S8250,T784,
,S8251,T790,
,S826,T791,
,S8260,T793,
,S8261,T794,
,S827,T795,
,S8270,T796,
,S8271,T800,
,S828,T801,
,S8280,T802,
,S8281,T808,
,S829,T810,
,S8291,T811,
,S830,T812,
,S831,T813,
,S832,T814,
,S833,T817,
,S834,T818,
,S835,T820,
,S836,T821,
,S837,T822,
,S841,T823,
,S849,T825,
,S851,T826,
,S855,T827,
,S857,T828,
,S858,T830,
,S860,T835,
,S862,T840,
,S867,T841,
,S878,T842,
,S880,T843,
,S881,T844,
,S889,T845,
,S897,T846,
,S898,T847,
,S900,T848,
,S903,T850,
,S910,T851,
,S911,T855,
,S912,T8550,
,S913,T8558,
,S920,T856,
,S9200,T857,
,S9201,T858,
,S9210,T860,
,S922,T862,
,S9220,T863,
,S923,T874,
,S9230,T875,
,S925,T876,
,S927,T887,
,S9270,T888,
,S9271,T901,
,S929,T904,
,S9290,T905,
,S930,T909,
,S933,T911,
,S934,T912,
,S936,T913,
,S950,T921,
,S960,T922,
,S961,T924,
,S962,T925,
,S967,T929,
,S968,T931,
,S969,T932,
,S978,T933,
,S980,T934,
,S981,T935,
,S982,T938,
,S983,T939,
,S997,T940,
,T003,T941,
,T006,T950,
,T012,T952,
,T013,T953,
,T016,T954,
,T0220,T958,
,T023,T981,
,T0231,T983,
,T024,,
,T0240,,
,T025,,
,T026,,
,T0260,,
,T064,,
,T065,,
,T068,,
,T08,,
,T08+0,,
,T094,,
,T098,,
,T110,,
,T111,,
,T12,,
,T12+0,,
,T130,,
,T131,,
,T136,,
,T138,,
,T179,,
,T189,,
,T201,,
,T202,,
,T203,,
,T212,,
,T213,,
,T220,,
,T222,,
,T223,,
,T230,,
,T232,,
,T233,,
,T240,,
,T242,,
,T243,,
,T252,,
,T253,,
,T262,,
,T269,,
,T288,,
,T290,,
,T292,,
,T293,,
,T302,,
,T310,,
,T312,,
,T3141,,
,T381,,
,T402,,
,T420,,
,T421,,
,T424,,
,T428,,
,T432,,
,T434,,
,T435,,
,T438,,
,T439,,
,T451,,
,T455,,
,T457,,
,T460,,
,T462,,
,T487,,
,T492,,
,T501,,
,T507,,
,T508,,
,T509,,
,T510,,
,T566,,
,T597,,
,T636,,
,T66,,
,T68,,
,T740,,
,T741,,
,T749,,
,T751,,
,T783,,
,T784,,
,T792,,
,T793,,
,T794,,
,T795,,
,T796,,
,T801,,
,T802,,
,T810,,
,T811,,
,T812,,
,T813,,
,T814,,
,T817,,
,T818,,
,T820,,
,T821,,
,T822,,
,T823,,
,T824,,
,T825,,
,T826,,
,T827,,
,T828,,
,T830,,
,T831,,
,T835,,
,T840,,
,T841,,
,T842,,
,T843,,
,T844,,
,T845,,
,T846,,
,T847,,
,T848,,
,T850,,
,T851,,
,T852,,
,T853,,
,T855,,
,T8558,,
,T856,,
,T857,,
,T858,,
,T860,,
,T8600,,
,T862,,
,T863,,
,T864,,
,T868,,
,T873,,
,T874,,
,T875,,
,T876,,
,T886,,
,T887,,
,T888,,
,T900,,
,T902,,
,T905,,
,T912,,
,T913,,
,T920,,
,T922,,
,T929,,
,T931,,
,T932,,
,T940,,
,T941,,
,T950,,
,T951,,
,T952,,
,T953,,
,T958,,
,T96,,
,T97,,
,T982,,
,T983,,
,Z204,,
,Z21,,
,Z524,,
,Z525,,
,Z567,,
,Z578,,
,Z580,,
,Z588,,
,Z590,,
,Z591,,
,Z594,,
,Z597,,
,Z598,,
,Z599,,
,Z601,,
,Z602,,
,Z604,,
,Z608,,
,Z609,,
,Z620,,
,Z621,,
,Z626,,
,Z630,,
,Z631,,
,Z632,,
,Z633,,
,Z634,,
,Z635,,
,Z636,,
,Z637,,
,Z638,,
,Z639,,
,Z652,,
,Z654,,
,Z659,,
,Z720,,
,Z721,,
,Z723,,
,Z724,,
,Z730,,
,Z732,,
,Z736,,
,Z740,,
,Z7400,,
,Z741,,
,Z742,,
,Z743,,
,Z748,,
,Z749,,
,Z750,,
,Z751,,
,Z752,,
,Z754,,
,Z755,,
,Z768,,
,Z810,,
,Z811,,
,Z820,,
,Z824,,
,Z850,,
,Z853,,
,Z858,,
,Z861,,
,Z865,,
,Z867,,
,Z874,,
,Z888,,
,Z890,,
,Z891,,
,Z892,,
,Z893,,
,Z894,,
,Z895,,
,Z896,,
,Z897,,
,Z899,,
,Z900,,
,Z901,,
,Z902,,
,Z903,,
,Z904,,
,Z905,,
,Z906,,
,Z907,,
,Z908,,
,Z911,,
,Z915,,
,Z9150,,
,Z916,,
,Z918,,
,Z921,,
,Z922,,
,Z924,,
,Z926,,
,Z928,,
,Z930,,
,Z931,,
,Z932,,
,Z933,,
,Z934,,
,Z935,,
,Z936,,
,Z938,,
,Z939,,
,Z940,,
,Z941,,
,Z942,,
,Z943,,
,Z944,,
,Z945,,
,Z946,,
,Z947,,
,Z9480,,
,Z94800,,
,Z94801,,
,Z9488,,
,Z949,,
,Z950,,
,Z951,,
,Z952,,
,Z953,,
,Z954,,
,Z955,,
,Z958,,
,Z959,,
,Z960,,
,Z961,,
,Z962,,
,Z963,,
,Z964,,
,Z966,,
,Z967,,
,Z968,,
,Z969,,
,Z970,,
,Z971,,
,Z978,,
,Z980,,
,Z981,,
,Z982,,
,Z988,,
,Z990,,
,Z991,,
,Z991+0,,
,Z991+1,,
,Z992,,
,Z992+0,,
,Z992+8,,
,Z993,,
,Z998,,
,Z999,,
