age,sexe,age_group,activity,postal_code
0,1,+74,0,999
1,2,0-6,1,1000
10,,13-17,2,1090
100,,18-29,4,1100
101,,30-59,5,1110
102,,60-74,6,1120
103,,7-12,7,1150
104,,,8,1160
105,,,,1170
106,,,,1200
11,,,,1220
12,,,,1230
13,,,,1250
14,,,,1270
15,,,,1290
16,,,,1300
17,,,,1310
18,,,,1320
19,,,,1330
2,,,,1340
20,,,,1350
21,,,,1360
22,,,,1370
23,,,,1380
24,,,,1390
25,,,,1400
26,,,,1430
27,,,,1440
28,,,,1480
29,,,,1500
3,,,,1510
30,,,,1540
31,,,,1560
32,,,,1590
33,,,,1600
34,,,,1640
35,,,,1660
36,,,,1700
37,,,,1750
38,,,,1800
39,,,,1960
4,,,,1990
40,,,,1999
41,,,,2100
42,,,,2110
43,,,,2190
44,,,,2200
45,,,,2220
46,,,,2240
47,,,,2260
48,,,,2300
49,,,,2330
5,,,,2390
50,,,,2500
51,,,,2580
52,,,,2600
53,,,,2700
54,,,,2820
55,,,,2840
56,,,,2850
57,,,,3000
58,,,,3100
59,,,,3120
6,,,,3130
60,,,,3190
61,,,,3200
62,,,,3220
63,,,,3230
64,,,,3300
65,,,,3360
66,,,,3390
67,,,,3400
68,,,,3410
69,,,,3470
7,,,,4000
70,,,,4100
71,,,,4120
72,,,,4130
73,,,,4140
74,,,,4150
75,,,,4160
76,,,,4170
77,,,,4180
78,,,,4190
79,,,,4200
8,,,,4210
80,,,,4220
81,,,,4230
82,,,,4240
83,,,,4250
84,,,,4270
85,,,,4290
86,,,,4300
87,,,,4320
88,,,,4330
89,,,,4350
9,,,,4420
90,,,,4500
91,,,,4510
92,,,,4700
93,,,,4800
94,,,,4860
95,,,,4999
96,,,,04C01
97,,,,04C02
98,,,,04C03
99,,,,04C04
,,,,04100
,,,,04120
,,,,04150
,,,,04200
,,,,04220
,,,,04230
,,,,04300
,,,,04860
,,,,06810
,,,,05130
,,,,06000
,,,,06130
,,,,05000
,,,,06600
,,,,06210
,,,,05100
,,,,06250
,,,,06530
,,,,06400
,,,,04C05
,,,,04C06
,,,,04C07
,,,,05C05
,,,,5000
,,,,5100
,,,,5110
,,,,5120
,,,,5130
,,,,5140
,,,,5150
,,,,5160
,,,,5190
,,,,5230
,,,,5300
,,,,5310
,,,,5330
,,,,5400
,,,,5700
,,,,5800
,,,,5999
,,,,05C01
,,,,05C02
,,,,05C03
,,,,05C04
,,,,05C05
,,,,05C06
,,,,05C07
,,,,6000
,,,,6110
,,,,6130
,,,,6140
,,,,6190
,,,,6210
,,,,6220
,,,,6230
,,,,6240
,,,,6250
,,,,6260
,,,,6270
,,,,6310
,,,,6320
,,,,6330
,,,,6340
,,,,6360
,,,,6370
,,,,6380
,,,,6390
,,,,6400
,,,,6410
,,,,6420
,,,,6430
,,,,6440
,,,,6450
,,,,6460
,,,,6470
,,,,6480
,,,,6500
,,,,6510
,,,,6530
,,,,6540
,,,,6550
,,,,6560
,,,,6570
,,,,6580
,,,,6590
,,,,6600
,,,,6610
,,,,6620
,,,,6640
,,,,6650
,,,,6660
,,,,6670
,,,,6690
,,,,6700
,,,,6710
,,,,6730
,,,,6740
,,,,6790
,,,,6800
,,,,6810
,,,,6830
,,,,6910
,,,,6950
,,,,6999
,,,,06C01
,,,,7000
,,,,7100
,,,,7110
,,,,7120
,,,,7130
,,,,7140
,,,,7150
,,,,7160
,,,,7190
,,,,7200
,,,,7210
,,,,7220
,,,,7240
,,,,7250
,,,,7260
,,,,7270
,,,,7300
,,,,7310
,,,,7330
,,,,7340
,,,,7350
,,,,7360
,,,,7370
,,,,7380
,,,,7400
,,,,7410
,,,,7440
,,,,7460
,,,,7500
,,,,7530
,,,,7600
,,,,7690
,,,,7700
,,,,7800
,,,,7999
,,,,07C01
,,,,07C02
,,,,07C04
,,,,07C05
,,,,8000
,,,,8090
,,,,8120
,,,,8150
,,,,8200
,,,,8230
,,,,8240
,,,,8270
,,,,8300
,,,,8400
,,,,8450
,,,,8460
,,,,8500
,,,,8600
,,,,8700
,,,,9000
,,,,9100
,,,,9120
,,,,9190
,,,,9200
,,,,9240
,,,,9400
,,,,9500
,,,,10000
,,,,10100
,,,,10120
,,,,10130
,,,,10140
,,,,10150
,,,,10160
,,,,10210
,,,,10300
,,,,10400
,,,,10440
,,,,10600
,,,,10700
,,,,10800
,,,,10999
,,,,11000
,,,,11100
,,,,11110
,,,,11150
,,,,11200
,,,,11260
,,,,11310
,,,,11360
,,,,11420
,,,,11500
,,,,11560
,,,,11590
,,,,11800
,,,,11999
,,,,11C04
,,,,12100
,,,,12200
,,,,12220
,,,,12310
,,,,12400
,,,,12490
,,,,12500
,,,,12550
,,,,12850
,,,,13001
,,,,13002
,,,,13003
,,,,13004
,,,,13005
,,,,13006
,,,,13007
,,,,13008
,,,,13009
,,,,13010
,,,,13011
,,,,13012
,,,,13013
,,,,13014
,,,,13015
,,,,13016
,,,,13100
,,,,13103
,,,,13105
,,,,13109
,,,,13110
,,,,13111
,,,,13112
,,,,13113
,,,,13114
,,,,13119
,,,,13120
,,,,13122
,,,,13124
,,,,13127
,,,,13130
,,,,13140
,,,,13150
,,,,13160
,,,,13170
,,,,13180
,,,,13190
,,,,13200
,,,,13210
,,,,13220
,,,,13230
,,,,13240
,,,,13250
,,,,13260
,,,,13270
,,,,13300
,,,,13310
,,,,13320
,,,,13330
,,,,13340
,,,,13350
,,,,13360
,,,,13370
,,,,13380
,,,,13390
,,,,13400
,,,,13410
,,,,13420
,,,,13430
,,,,13440
,,,,13450
,,,,13460
,,,,13470
,,,,13480
,,,,13500
,,,,13510
,,,,13520
,,,,13530
,,,,13550
,,,,13560
,,,,13570
,,,,13580
,,,,13590
,,,,13600
,,,,13610
,,,,13620
,,,,13630
,,,,13640
,,,,13650
,,,,13660
,,,,13670
,,,,13680
,,,,13690
,,,,13700
,,,,13710
,,,,13720
,,,,13730
,,,,13740
,,,,13750
,,,,13760
,,,,13770
,,,,13780
,,,,13790
,,,,13800
,,,,13810
,,,,13820
,,,,13821
,,,,13830
,,,,13840
,,,,13850
,,,,13870
,,,,13880
,,,,13890
,,,,13910
,,,,13920
,,,,13930
,,,,13940
,,,,13950
,,,,13960
,,,,13980
,,,,13990
,,,,13999
,,,,13C01
,,,,13C02
,,,,13C03
,,,,14100
,,,,14120
,,,,14123
,,,,14140
,,,,14210
,,,,14320
,,,,14370
,,,,14390
,,,,14460
,,,,14500
,,,,14540
,,,,14640
,,,,14800
,,,,14999
,,,,15000
,,,,15100
,,,,15160
,,,,15200
,,,,15240
,,,,15270
,,,,15400
,,,,15600
,,,,16000
,,,,16150
,,,,16160
,,,,16250
,,,,16300
,,,,16390
,,,,16410
,,,,16440
,,,,16460
,,,,16560
,,,,16600
,,,,16800
,,,,16999
,,,,16C01
,,,,17000
,,,,17100
,,,,17120
,,,,17130
,,,,17132
,,,,17140
,,,,17160
,,,,17200
,,,,17300
,,,,17400
,,,,17440
,,,,17480
,,,,17600
,,,,17780
,,,,18000
,,,,18120
,,,,18130
,,,,18140
,,,,18200
,,,,18220
,,,,18290
,,,,18310
,,,,18350
,,,,18500
,,,,18520
,,,,18570
,,,,18600
,,,,18800
,,,,18999
,,,,19140
,,,,19150
,,,,19240
,,,,19400
,,,,19500
,,,,20999
,,,,21000
,,,,21110
,,,,21120
,,,,21121
,,,,21130
,,,,21140
,,,,21150
,,,,21160
,,,,21170
,,,,21200
,,,,21220
,,,,21240
,,,,21270
,,,,21300
,,,,21310
,,,,21360
,,,,21420
,,,,21430
,,,,21490
,,,,21500
,,,,21520
,,,,21590
,,,,21600
,,,,21700
,,,,21800
,,,,21850
,,,,21910
,,,,21C01
,,,,21C02
,,,,22000
,,,,22100
,,,,22190
,,,,22230
,,,,22270
,,,,22300
,,,,22600
,,,,22700
,,,,22830
,,,,22960
,,,,23000
,,,,23170
,,,,23300
,,,,23400
,,,,24000
,,,,24100
,,,,24120
,,,,24150
,,,,24160
,,,,24200
,,,,24260
,,,,24290
,,,,24320
,,,,24460
,,,,24480
,,,,24540
,,,,24660
,,,,24800
,,,,25000
,,,,25150
,,,,25170
,,,,25190
,,,,25200
,,,,25220
,,,,25230
,,,,25290
,,,,25300
,,,,25310
,,,,25350
,,,,25400
,,,,25430
,,,,25460
,,,,25480
,,,,25500
,,,,25600
,,,,25620
,,,,25660
,,,,25720
,,,,25870
,,,,26000
,,,,26100
,,,,26110
,,,,26120
,,,,26130
,,,,26140
,,,,26150
,,,,26160
,,,,26170
,,,,26190
,,,,26200
,,,,26210
,,,,26220
,,,,26230
,,,,26240
,,,,26250
,,,,26260
,,,,26270
,,,,26290
,,,,26300
,,,,26320
,,,,26340
,,,,26350
,,,,26400
,,,,26420
,,,,26450
,,,,26460
,,,,26500
,,,,26510
,,,,26540
,,,,26600
,,,,26700
,,,,26730
,,,,26740
,,,,26750
,,,,26760
,,,,26770
,,,,26780
,,,,26790
,,,,26800
,,,,26C02
,,,,26C03
,,,,26C04
,,,,27000
,,,,27130
,,,,27240
,,,,27270
,,,,27340
,,,,27370
,,,,27400
,,,,27530
,,,,27620
,,,,27680
,,,,27930
,,,,27950
,,,,28000
,,,,28100
,,,,28110
,,,,28120
,,,,28200
,,,,28210
,,,,28230
,,,,28300
,,,,28310
,,,,28320
,,,,28330
,,,,28410
,,,,28500
,,,,28600
,,,,28630
,,,,28700
,,,,29000
,,,,29100
,,,,29200
,,,,29300
,,,,29410
,,,,29470
,,,,29500
,,,,29570
,,,,29590
,,,,29700
,,,,29710
,,,,29800
,,,,29850
,,,,29880
,,,,29950
,,,,29999
,,,,29C03
,,,,29C04
,,,,2AC12
,,,,2AC13
,,,,2AC14
,,,,2AC15
,,,,2AC16
,,,,2AC17
,,,,2AC18
,,,,2AC19
,,,,2BC01
,,,,2BC02
,,,,2BC03
,,,,2BC04
,,,,2BC05
,,,,2BC06
,,,,2BC07
,,,,2BC08
,,,,2BC09
,,,,2BC10
,,,,2BC11
,,,,30000
,,,,30100
,,,,30110
,,,,30126
,,,,30127
,,,,30128
,,,,30129
,,,,30130
,,,,30131
,,,,30132
,,,,30133
,,,,30140
,,,,30150
,,,,30160
,,,,30170
,,,,30190
,,,,30200
,,,,30210
,,,,30220
,,,,30230
,,,,30240
,,,,30250
,,,,30260
,,,,30270
,,,,30290
,,,,30300
,,,,30320
,,,,30330
,,,,30340
,,,,30350
,,,,30360
,,,,30380
,,,,30390
,,,,30400
,,,,30410
,,,,30430
,,,,30440
,,,,30450
,,,,30460
,,,,30480
,,,,30490
,,,,30500
,,,,30510
,,,,30540
,,,,30560
,,,,30570
,,,,30580
,,,,30600
,,,,30620
,,,,30630
,,,,30650
,,,,30670
,,,,30700
,,,,30720
,,,,30730
,,,,30760
,,,,30800
,,,,30840
,,,,30870
,,,,30960
,,,,30C01
,,,,30C02
,,,,30C03
,,,,30C04
,,,,31000
,,,,31110
,,,,31140
,,,,31160
,,,,31170
,,,,31220
,,,,31270
,,,,31290
,,,,31320
,,,,31370
,,,,31440
,,,,31450
,,,,31590
,,,,31600
,,,,31620
,,,,31650
,,,,32000
,,,,32120
,,,,32130
,,,,32140
,,,,32190
,,,,32200
,,,,32220
,,,,32260
,,,,32300
,,,,32600
,,,,33000
,,,,33110
,,,,33140
,,,,33180
,,,,33185
,,,,33240
,,,,33260
,,,,33270
,,,,33290
,,,,33320
,,,,33360
,,,,33390
,,,,33400
,,,,33480
,,,,33590
,,,,33600
,,,,33650
,,,,33660
,,,,33860
,,,,33890
,,,,33990
,,,,33999
,,,,34000
,,,,34110
,,,,34120
,,,,34130
,,,,34140
,,,,34150
,,,,34160
,,,,34170
,,,,34190
,,,,34200
,,,,34220
,,,,34260
,,,,34270
,,,,34280
,,,,34290
,,,,34300
,,,,34310
,,,,34350
,,,,34360
,,,,34370
,,,,34380
,,,,34400
,,,,34410
,,,,34420
,,,,34430
,,,,34440
,,,,34450
,,,,34460
,,,,34470
,,,,34480
,,,,34490
,,,,34500
,,,,34510
,,,,34540
,,,,34550
,,,,34570
,,,,34600
,,,,34630
,,,,34650
,,,,34670
,,,,34680
,,,,34690
,,,,34710
,,,,34725
,,,,34770
,,,,34800
,,,,34820
,,,,34830
,,,,34920
,,,,34970
,,,,34980
,,,,34990
,,,,34999
,,,,34C01
,,,,34C02
,,,,35000
,,,,35120
,,,,35230
,,,,35340
,,,,35400
,,,,35460
,,,,35510
,,,,35530
,,,,35750
,,,,35760
,,,,35800
,,,,35999
,,,,36000
,,,,36100
,,,,36180
,,,,36190
,,,,36200
,,,,36210
,,,,36250
,,,,36260
,,,,36300
,,,,36330
,,,,36400
,,,,36500
,,,,37000
,,,,37140
,,,,37170
,,,,37230
,,,,37250
,,,,37300
,,,,37510
,,,,37550
,,,,37700
,,,,38000
,,,,38090
,,,,38110
,,,,38113
,,,,38114
,,,,38120
,,,,38121
,,,,38130
,,,,38134
,,,,38140
,,,,38150
,,,,38160
,,,,38170
,,,,38180
,,,,38190
,,,,38200
,,,,38210
,,,,38220
,,,,38230
,,,,38240
,,,,38250
,,,,38260
,,,,38270
,,,,38280
,,,,38300
,,,,38320
,,,,38330
,,,,38340
,,,,38350
,,,,38360
,,,,38370
,,,,38380
,,,,38400
,,,,38410
,,,,38420
,,,,38430
,,,,38440
,,,,38450
,,,,38460
,,,,38470
,,,,38480
,,,,38490
,,,,38500
,,,,38510
,,,,38530
,,,,38550
,,,,38560
,,,,38570
,,,,38590
,,,,38600
,,,,38610
,,,,38620
,,,,38630
,,,,38640
,,,,38650
,,,,38660
,,,,38690
,,,,38700
,,,,38730
,,,,38740
,,,,38750
,,,,38760
,,,,38770
,,,,38780
,,,,38790
,,,,38800
,,,,38830
,,,,38840
,,,,38850
,,,,38860
,,,,38870
,,,,38890
,,,,38920
,,,,38930
,,,,38950
,,,,38960
,,,,38980
,,,,38C02
,,,,38C03
,,,,38C04
,,,,38C05
,,,,39000
,,,,39100
,,,,39130
,,,,39150
,,,,39170
,,,,39300
,,,,39320
,,,,39330
,,,,39400
,,,,39570
,,,,39700
,,,,39C02
,,,,40000
,,,,40100
,,,,40140
,,,,40150
,,,,40280
,,,,40290
,,,,40300
,,,,40510
,,,,40990
,,,,40999
,,,,41000
,,,,41100
,,,,41110
,,,,41130
,,,,41190
,,,,41200
,,,,41220
,,,,41350
,,,,41400
,,,,41999
,,,,42000
,,,,42110
,,,,42120
,,,,42123
,,,,42130
,,,,42150
,,,,42152
,,,,42153
,,,,42155
,,,,42160
,,,,42170
,,,,42210
,,,,42230
,,,,42240
,,,,42260
,,,,42290
,,,,42300
,,,,42310
,,,,42330
,,,,42350
,,,,42360
,,,,42370
,,,,42380
,,,,42390
,,,,42400
,,,,42420
,,,,42470
,,,,42480
,,,,42490
,,,,42500
,,,,42520
,,,,42530
,,,,42560
,,,,42590
,,,,42600
,,,,42620
,,,,42640
,,,,42650
,,,,42660
,,,,42680
,,,,42700
,,,,42720
,,,,42750
,,,,42800
,,,,42840
,,,,42C02
,,,,42C04
,,,,42C05
,,,,43000
,,,,43100
,,,,43110
,,,,43120
,,,,43130
,,,,43140
,,,,43200
,,,,43210
,,,,43250
,,,,43290
,,,,43330
,,,,43400
,,,,43410
,,,,43420
,,,,43700
,,,,43750
,,,,43C01
,,,,43C04
,,,,44000
,,,,44119
,,,,44130
,,,,44270
,,,,44320
,,,,44330
,,,,44380
,,,,44400
,,,,44420
,,,,44430
,,,,44600
,,,,45000
,,,,45110
,,,,45120
,,,,45130
,,,,45140
,,,,45160
,,,,45170
,,,,45200
,,,,45210
,,,,45220
,,,,45230
,,,,45240
,,,,45250
,,,,45300
,,,,45310
,,,,45340
,,,,45360
,,,,45380
,,,,45400
,,,,45490
,,,,45560
,,,,45570
,,,,45600
,,,,45680
,,,,45750
,,,,46000
,,,,46090
,,,,46400
,,,,47140
,,,,47150
,,,,47200
,,,,47260
,,,,47300
,,,,47420
,,,,47500
,,,,47520
,,,,47550
,,,,48000
,,,,48100
,,,,48120
,,,,48130
,,,,48160
,,,,48500
,,,,48600
,,,,48800
,,,,48C04
,,,,48C05
,,,,49000
,,,,49240
,,,,49300
,,,,49350
,,,,49430
,,,,49460
,,,,50120
,,,,50140
,,,,50170
,,,,50200
,,,,50210
,,,,50230
,,,,50260
,,,,50520
,,,,50580
,,,,50700
,,,,50999
,,,,51000
,,,,51100
,,,,51120
,,,,51190
,,,,51200
,,,,51210
,,,,51250
,,,,51360
,,,,51400
,,,,51430
,,,,51530
,,,,51800
,,,,52000
,,,,52100
,,,,52200
,,,,52360
,,,,52500
,,,,52800
,,,,53290
,,,,53300
,,,,53700
,,,,53999
,,,,54000
,,,,54130
,,,,54136
,,,,54170
,,,,54200
,,,,54350
,,,,54370
,,,,54390
,,,,54400
,,,,54410
,,,,54450
,,,,54460
,,,,54490
,,,,54500
,,,,54520
,,,,54600
,,,,54640
,,,,54700
,,,,54750
,,,,54800
,,,,54850
,,,,54C01
,,,,54C06
,,,,55000
,,,,55100
,,,,55170
,,,,55200
,,,,55210
,,,,55250
,,,,55300
,,,,55320
,,,,55400
,,,,55430
,,,,55700
,,,,56000
,,,,56100
,,,,56130
,,,,56190
,,,,56200
,,,,56220
,,,,56250
,,,,56260
,,,,56290
,,,,56350
,,,,56400
,,,,56520
,,,,56600
,,,,56640
,,,,56670
,,,,56680
,,,,56700
,,,,56800
,,,,56860
,,,,56999
,,,,56C01
,,,,57000
,,,,57100
,,,,57160
,,,,57190
,,,,57200
,,,,57220
,,,,57280
,,,,57290
,,,,57300
,,,,57310
,,,,57340
,,,,57350
,,,,57360
,,,,57380
,,,,57385
,,,,57390
,,,,57400
,,,,57410
,,,,57420
,,,,57430
,,,,57445
,,,,57450
,,,,57460
,,,,57470
,,,,57500
,,,,57510
,,,,57520
,,,,57540
,,,,57560
,,,,57570
,,,,57580
,,,,57600
,,,,57620
,,,,57635
,,,,57660
,,,,57670
,,,,57690
,,,,57700
,,,,57730
,,,,57780
,,,,57800
,,,,57850
,,,,57870
,,,,57905
,,,,57910
,,,,57915
,,,,57930
,,,,57950
,,,,57980
,,,,57990
,,,,57999
,,,,57C04
,,,,57C05
,,,,58000
,,,,58130
,,,,58140
,,,,58150
,,,,58160
,,,,58190
,,,,58200
,,,,58220
,,,,58250
,,,,58300
,,,,58320
,,,,58350
,,,,58360
,,,,58460
,,,,58660
,,,,58800
,,,,58C02
,,,,59000
,,,,59100
,,,,59126
,,,,59129
,,,,59130
,,,,59131
,,,,59132
,,,,59133
,,,,59139
,,,,59140
,,,,59143
,,,,59145
,,,,59149
,,,,59150
,,,,59153
,,,,59156
,,,,59170
,,,,59179
,,,,59180
,,,,59199
,,,,59200
,,,,59210
,,,,59211
,,,,59215
,,,,59221
,,,,59224
,,,,59250
,,,,59260
,,,,59278
,,,,59280
,,,,59290
,,,,59300
,,,,59310
,,,,59360
,,,,59370
,,,,59400
,,,,59430
,,,,59490
,,,,59491
,,,,59500
,,,,59540
,,,,59553
,,,,59600
,,,,59700
,,,,59720
,,,,59760
,,,,59790
,,,,59820
,,,,59840
,,,,59910
,,,,59930
,,,,59940
,,,,60000
,,,,60110
,,,,60150
,,,,60180
,,,,60200
,,,,60300
,,,,60310
,,,,60390
,,,,60400
,,,,60420
,,,,60430
,,,,60440
,,,,60500
,,,,60530
,,,,60540
,,,,60600
,,,,60700
,,,,60730
,,,,60870
,,,,60C01
,,,,60C03
,,,,60C05
,,,,61000
,,,,61100
,,,,61290
,,,,62000
,,,,62100
,,,,62110
,,,,62114
,,,,62130
,,,,62131
,,,,62138
,,,,62144
,,,,62150
,,,,62152
,,,,62155
,,,,62170
,,,,62200
,,,,62210
,,,,62217
,,,,62219
,,,,62220
,,,,62223
,,,,62260
,,,,62270
,,,,62300
,,,,62410
,,,,62430
,,,,62450
,,,,62480
,,,,62500
,,,,62520
,,,,62540
,,,,62580
,,,,62590
,,,,62600
,,,,62620
,,,,62630
,,,,62640
,,,,62670
,,,,62680
,,,,62700
,,,,62710
,,,,62720
,,,,62730
,,,,62800
,,,,62820
,,,,62940
,,,,62950
,,,,62999
,,,,63000
,,,,63112
,,,,63115
,,,,63118
,,,,63120
,,,,63122
,,,,63140
,,,,63150
,,,,63160
,,,,63200
,,,,63270
,,,,63290
,,,,63300
,,,,63320
,,,,63340
,,,,63350
,,,,63470
,,,,63500
,,,,63530
,,,,63540
,,,,63560
,,,,63570
,,,,63660
,,,,63670
,,,,63720
,,,,63730
,,,,63800
,,,,63870
,,,,63920
,,,,63930
,,,,63940
,,,,63950
,,,,63999
,,,,63C01
,,,,63C04
,,,,64000
,,,,64100
,,,,64140
,,,,64150
,,,,64190
,,,,64200
,,,,64240
,,,,64360
,,,,64600
,,,,64700
,,,,64800
,,,,64999
,,,,65000
,,,,65110
,,,,65130
,,,,65140
,,,,65170
,,,,65200
,,,,65700
,,,,66000
,,,,66110
,,,,66130
,,,,66140
,,,,66170
,,,,66180
,,,,66200
,,,,66270
,,,,66300
,,,,66310
,,,,66330
,,,,66360
,,,,66400
,,,,66440
,,,,66450
,,,,66600
,,,,66700
,,,,66720
,,,,66999
,,,,66C03
,,,,67000
,,,,67110
,,,,67114
,,,,67115
,,,,67116
,,,,67117
,,,,67118
,,,,67120
,,,,67130
,,,,67150
,,,,67160
,,,,67170
,,,,67202
,,,,67204
,,,,67205
,,,,67210
,,,,67230
,,,,67240
,,,,67260
,,,,67280
,,,,67290
,,,,67300
,,,,67310
,,,,67320
,,,,67330
,,,,67340
,,,,67350
,,,,67360
,,,,67390
,,,,67400
,,,,67410
,,,,67430
,,,,67440
,,,,67460
,,,,67500
,,,,67510
,,,,67530
,,,,67600
,,,,67610
,,,,67650
,,,,67700
,,,,67760
,,,,67800
,,,,67810
,,,,67850
,,,,67870
,,,,68000
,,,,68100
,,,,68110
,,,,68128
,,,,68140
,,,,68150
,,,,68170
,,,,68190
,,,,68210
,,,,68220
,,,,68240
,,,,68260
,,,,68270
,,,,68280
,,,,68300
,,,,68310
,,,,68320
,,,,68330
,,,,68350
,,,,68370
,,,,68390
,,,,68400
,,,,68440
,,,,68480
,,,,68490
,,,,68510
,,,,68570
,,,,68600
,,,,68610
,,,,68640
,,,,68660
,,,,68690
,,,,68700
,,,,68840
,,,,68850
,,,,68C01
,,,,69001
,,,,69002
,,,,69003
,,,,69004
,,,,69005
,,,,69006
,,,,69007
,,,,69008
,,,,69009
,,,,69100
,,,,69110
,,,,69120
,,,,69126
,,,,69130
,,,,69140
,,,,69150
,,,,69160
,,,,69190
,,,,69200
,,,,69210
,,,,69220
,,,,69230
,,,,69240
,,,,69250
,,,,69270
,,,,69290
,,,,69300
,,,,69310
,,,,69320
,,,,69330
,,,,69340
,,,,69350
,,,,69360
,,,,69370
,,,,69380
,,,,69390
,,,,69400
,,,,69410
,,,,69420
,,,,69430
,,,,69440
,,,,69450
,,,,69460
,,,,69470
,,,,69480
,,,,69500
,,,,69520
,,,,69540
,,,,69560
,,,,69570
,,,,69600
,,,,69610
,,,,69620
,,,,69630
,,,,69650
,,,,69660
,,,,69680
,,,,69690
,,,,69700
,,,,69730
,,,,69740
,,,,69770
,,,,69780
,,,,69790
,,,,69800
,,,,69850
,,,,69860
,,,,69870
,,,,69960
,,,,70000
,,,,70100
,,,,70170
,,,,70200
,,,,70210
,,,,70240
,,,,70270
,,,,70290
,,,,70320
,,,,70400
,,,,70700
,,,,70800
,,,,70999
,,,,71000
,,,,71100
,,,,71120
,,,,71130
,,,,71140
,,,,71150
,,,,71160
,,,,71170
,,,,71200
,,,,71210
,,,,71230
,,,,71240
,,,,71250
,,,,71300
,,,,71340
,,,,71380
,,,,71400
,,,,71410
,,,,71420
,,,,71450
,,,,71480
,,,,71500
,,,,71510
,,,,71530
,,,,71550
,,,,71600
,,,,71620
,,,,71680
,,,,71700
,,,,71800
,,,,71850
,,,,71999
,,,,72000
,,,,72140
,,,,72160
,,,,72320
,,,,72400
,,,,73000
,,,,73100
,,,,73110
,,,,73130
,,,,73140
,,,,73150
,,,,73170
,,,,73190
,,,,73200
,,,,73210
,,,,73220
,,,,73260
,,,,73290
,,,,73320
,,,,73330
,,,,73400
,,,,73420
,,,,73490
,,,,73500
,,,,73590
,,,,73700
,,,,73800
,,,,73870
,,,,73999
,,,,73C01
,,,,73C03
,,,,73C04
,,,,73C05
,,,,74000
,,,,74100
,,,,74110
,,,,74120
,,,,74130
,,,,74140
,,,,74150
,,,,74160
,,,,74170
,,,,74190
,,,,74200
,,,,74210
,,,,74230
,,,,74240
,,,,74250
,,,,74260
,,,,74270
,,,,74290
,,,,74300
,,,,74320
,,,,74330
,,,,74340
,,,,74350
,,,,74370
,,,,74400
,,,,74410
,,,,74420
,,,,74430
,,,,74440
,,,,74450
,,,,74460
,,,,74470
,,,,74490
,,,,74500
,,,,74550
,,,,74570
,,,,74600
,,,,74650
,,,,74700
,,,,74800
,,,,74890
,,,,74920
,,,,74930
,,,,74940
,,,,74960
,,,,74970
,,,,75001
,,,,75002
,,,,75003
,,,,75004
,,,,75005
,,,,75006
,,,,75007
,,,,75008
,,,,75009
,,,,75010
,,,,75011
,,,,75012
,,,,75013
,,,,75014
,,,,75015
,,,,75016
,,,,75017
,,,,75018
,,,,75019
,,,,75020
,,,,75999
,,,,76000
,,,,76120
,,,,76130
,,,,76140
,,,,76150
,,,,76160
,,,,76170
,,,,76200
,,,,76260
,,,,76270
,,,,76290
,,,,76300
,,,,76350
,,,,76360
,,,,76370
,,,,76400
,,,,76410
,,,,76420
,,,,76440
,,,,76480
,,,,76500
,,,,76510
,,,,76520
,,,,76530
,,,,76540
,,,,76600
,,,,76650
,,,,76660
,,,,76700
,,,,76760
,,,,76770
,,,,76800
,,,,76890
,,,,76999
,,,,77000
,,,,77090
,,,,77100
,,,,77120
,,,,77127
,,,,77130
,,,,77140
,,,,77144
,,,,77160
,,,,77166
,,,,77169
,,,,77170
,,,,77176
,,,,77186
,,,,77190
,,,,77200
,,,,77210
,,,,77220
,,,,77240
,,,,77250
,,,,77270
,,,,77280
,,,,77310
,,,,77320
,,,,77330
,,,,77340
,,,,77350
,,,,77360
,,,,77380
,,,,77390
,,,,77400
,,,,77410
,,,,77420
,,,,77430
,,,,77440
,,,,77470
,,,,77500
,,,,77510
,,,,77515
,,,,77520
,,,,77550
,,,,77570
,,,,77590
,,,,77600
,,,,77610
,,,,77620
,,,,77680
,,,,77700
,,,,77710
,,,,77810
,,,,77830
,,,,77840
,,,,77860
,,,,77999
,,,,77C06
,,,,78000
,,,,78100
,,,,78110
,,,,78112
,,,,78114
,,,,78120
,,,,78125
,,,,78140
,,,,78150
,,,,78160
,,,,78170
,,,,78180
,,,,78190
,,,,78200
,,,,78220
,,,,78230
,,,,78240
,,,,78250
,,,,78260
,,,,78270
,,,,78280
,,,,78290
,,,,78300
,,,,78310
,,,,78320
,,,,78330
,,,,78340
,,,,78360
,,,,78370
,,,,78390
,,,,78400
,,,,78410
,,,,78440
,,,,78460
,,,,78480
,,,,78500
,,,,78510
,,,,78520
,,,,78530
,,,,78550
,,,,78570
,,,,78600
,,,,78610
,,,,78630
,,,,78650
,,,,78690
,,,,78700
,,,,78710
,,,,78711
,,,,78770
,,,,78800
,,,,78870
,,,,78930
,,,,78990
,,,,79130
,,,,79150
,,,,79260
,,,,79420
,,,,79999
,,,,80000
,,,,80100
,,,,80110
,,,,80136
,,,,80160
,,,,80200
,,,,80260
,,,,80290
,,,,80300
,,,,80330
,,,,80400
,,,,80440
,,,,80470
,,,,80500
,,,,80580
,,,,80600
,,,,80800
,,,,80999
,,,,80C02
,,,,80C03
,,,,81000
,,,,81100
,,,,81160
,,,,81170
,,,,81200
,,,,81210
,,,,81240
,,,,81300
,,,,81380
,,,,81400
,,,,81600
,,,,81700
,,,,81800
,,,,81999
,,,,82000
,,,,82100
,,,,82120
,,,,82160
,,,,82170
,,,,82300
,,,,83000
,,,,83110
,,,,83120
,,,,83130
,,,,83136
,,,,83140
,,,,83143
,,,,83149
,,,,83150
,,,,83160
,,,,83170
,,,,83190
,,,,83210
,,,,83220
,,,,83230
,,,,83250
,,,,83260
,,,,83270
,,,,83300
,,,,83310
,,,,83320
,,,,83330
,,,,83340
,,,,83350
,,,,83390
,,,,83400
,,,,83420
,,,,83430
,,,,83440
,,,,83460
,,,,83470
,,,,83480
,,,,83490
,,,,83500
,,,,83510
,,,,83520
,,,,83550
,,,,83560
,,,,83570
,,,,83580
,,,,83590
,,,,83600
,,,,83610
,,,,83630
,,,,83640
,,,,83660
,,,,83680
,,,,83690
,,,,83700
,,,,83720
,,,,83740
,,,,83780
,,,,83790
,,,,83830
,,,,83860
,,,,83870
,,,,83890
,,,,83910
,,,,83920
,,,,83980
,,,,83990
,,,,83999
,,,,83C01
,,,,83C02
,,,,83C03
,,,,84000
,,,,84100
,,,,84110
,,,,84120
,,,,84130
,,,,84150
,,,,84160
,,,,84170
,,,,84190
,,,,84200
,,,,84210
,,,,84220
,,,,84230
,,,,84250
,,,,84260
,,,,84270
,,,,84290
,,,,84300
,,,,84310
,,,,84320
,,,,84330
,,,,84340
,,,,84350
,,,,84360
,,,,84370
,,,,84380
,,,,84390
,,,,84400
,,,,84410
,,,,84420
,,,,84430
,,,,84440
,,,,84450
,,,,84460
,,,,84470
,,,,84480
,,,,84490
,,,,84500
,,,,84510
,,,,84530
,,,,84550
,,,,84560
,,,,84570
,,,,84580
,,,,84600
,,,,84660
,,,,84700
,,,,84740
,,,,84750
,,,,84800
,,,,84810
,,,,84820
,,,,84830
,,,,84840
,,,,84850
,,,,84860
,,,,84870
,,,,84999
,,,,84C01
,,,,85100
,,,,85110
,,,,85150
,,,,85230
,,,,85250
,,,,85270
,,,,85330
,,,,85340
,,,,85350
,,,,85360
,,,,85740
,,,,86000
,,,,86100
,,,,86220
,,,,86380
,,,,86500
,,,,86700
,,,,86800
,,,,87000
,,,,87130
,,,,87150
,,,,87370
,,,,87520
,,,,88000
,,,,88100
,,,,88140
,,,,88150
,,,,88350
,,,,88400
,,,,88450
,,,,88480
,,,,88540
,,,,88600
,,,,88650
,,,,89000
,,,,89100
,,,,89113
,,,,89130
,,,,89144
,,,,89160
,,,,89200
,,,,89210
,,,,89260
,,,,89270
,,,,89300
,,,,89380
,,,,89400
,,,,89420
,,,,89500
,,,,89660
,,,,89700
,,,,89999
,,,,90000
,,,,90130
,,,,90160
,,,,90200
,,,,90300
,,,,90400
,,,,90500
,,,,90600
,,,,90850
,,,,90999
,,,,91000
,,,,91100
,,,,91120
,,,,91130
,,,,91140
,,,,91150
,,,,91160
,,,,91190
,,,,91200
,,,,91220
,,,,91240
,,,,91250
,,,,91260
,,,,91270
,,,,91290
,,,,91300
,,,,91320
,,,,91330
,,,,91360
,,,,91390
,,,,91400
,,,,91410
,,,,91430
,,,,91440
,,,,91460
,,,,91490
,,,,91530
,,,,91560
,,,,91600
,,,,91620
,,,,91650
,,,,91660
,,,,91670
,,,,91700
,,,,91720
,,,,91760
,,,,91800
,,,,91860
,,,,91940
,,,,92000
,,,,92100
,,,,92110
,,,,92120
,,,,92130
,,,,92140
,,,,92150
,,,,92160
,,,,92170
,,,,92190
,,,,92200
,,,,92210
,,,,92220
,,,,92230
,,,,92240
,,,,92250
,,,,92260
,,,,92290
,,,,92300
,,,,92310
,,,,92320
,,,,92330
,,,,92340
,,,,92350
,,,,92370
,,,,92380
,,,,92390
,,,,92400
,,,,92410
,,,,92500
,,,,92600
,,,,92700
,,,,92800
,,,,92999
,,,,93000
,,,,93100
,,,,93110
,,,,93120
,,,,93130
,,,,93140
,,,,93150
,,,,93160
,,,,93170
,,,,93190
,,,,93200
,,,,93220
,,,,93230
,,,,93240
,,,,93250
,,,,93260
,,,,93270
,,,,93290
,,,,93300
,,,,93310
,,,,93320
,,,,93330
,,,,93340
,,,,93350
,,,,93370
,,,,93380
,,,,93390
,,,,93420
,,,,93430
,,,,93440
,,,,93450
,,,,93500
,,,,93600
,,,,93700
,,,,93800
,,,,94000
,,,,94100
,,,,94110
,,,,94120
,,,,94130
,,,,94140
,,,,94150
,,,,94160
,,,,94170
,,,,94190
,,,,94200
,,,,94220
,,,,94230
,,,,94240
,,,,94250
,,,,94260
,,,,94270
,,,,94290
,,,,94300
,,,,94310
,,,,94320
,,,,94340
,,,,94350
,,,,94360
,,,,94370
,,,,94380
,,,,94400
,,,,94410
,,,,94430
,,,,94440
,,,,94470
,,,,94480
,,,,94500
,,,,94520
,,,,94550
,,,,94600
,,,,94700
,,,,94800
,,,,95100
,,,,95110
,,,,95120
,,,,95130
,,,,95140
,,,,95160
,,,,95170
,,,,95190
,,,,95200
,,,,95210
,,,,95220
,,,,95230
,,,,95240
,,,,95260
,,,,95270
,,,,95280
,,,,95290
,,,,95300
,,,,95310
,,,,95320
,,,,95330
,,,,95340
,,,,95350
,,,,95360
,,,,95380
,,,,95400
,,,,95410
,,,,95440
,,,,95460
,,,,95470
,,,,95480
,,,,95490
,,,,95500
,,,,95510
,,,,95540
,,,,95560
,,,,95570
,,,,95590
,,,,95600
,,,,95610
,,,,95620
,,,,95630
,,,,95670
,,,,95700
,,,,95750
,,,,95800
,,,,95810
,,,,95870
,,,,95880
,,,,95999
,,,,98999
,,,,99100
,,,,99104
,,,,99109
,,,,99110
,,,,99114
,,,,99122
,,,,99126
,,,,99127
,,,,99130
,,,,99131
,,,,99132
,,,,99134
,,,,99135
,,,,99137
,,,,99138
,,,,99216
,,,,99220
,,,,99236
,,,,99326
,,,,99328
,,,,99336
,,,,99340
,,,,99341
,,,,99350
,,,,99351
,,,,99352
,,,,99399
,,,,99401
,,,,99416
,,,,99430
,,,,99999
,,,,9A000
,,,,9A010
,,,,9A011
,,,,9A012
,,,,9A013
,,,,9A014
,,,,9A015
,,,,9A018
,,,,9A020
,,,,9A021
,,,,9A022
,,,,9A023
,,,,9A025
,,,,9A029
,,,,9A030
,,,,9A031
,,,,9A039
,,,,9A041
,,,,9A050
,,,,9A070
,,,,9A080
,,,,9A090
,,,,9B000
,,,,9B020
,,,,9B033
,,,,9B040
,,,,9C000
,,,,9C010
,,,,9C051
,,,,9C054
,,,,9C070
,,,,9CC05
,,,,9D000
,,,,9D010
,,,,9D013
,,,,9D019
,,,,9D020
,,,,9D025
,,,,9D030
,,,,9D036
,,,,9D038
,,,,9D039
,,,,9D040
,,,,9D041
,,,,9D050
,,,,9D060
,,,,1.79769313486232E+308
,,,,9F999
,,,,9H999
,,,,9J999
